,kernel,C,gamma,epsilon,MAE,MSE,RMSE,R2
232,rbf,100.0,0.1,10.0,96.74804206133952,10835.95277453867,104.09588260127616,-3.4712605369097664
341,poly,0.1,0.1,100.0,99.5179856115108,11912.189208633094,109.14297599311233,-3.9153500965706396
257,poly,0.001,0.001,100.0,99.5179856115108,11912.189208633094,109.14297599311233,-3.9153500965706396
263,poly,0.001,0.01,100.0,99.5179856115108,11912.189208633094,109.14297599311233,-3.9153500965706396
269,poly,0.001,0.1,100.0,99.5179856115108,11912.189208633094,109.14297599311233,-3.9153500965706396
275,poly,0.001,1,100.0,99.5179856115108,11912.189208633094,109.14297599311233,-3.9153500965706396
281,poly,0.001,10,100.0,99.5179856115108,11912.189208633094,109.14297599311233,-3.9153500965706396
287,poly,0.001,100,100.0,99.5179856115108,11912.189208633094,109.14297599311233,-3.9153500965706396
293,poly,0.01,0.001,100.0,99.5179856115108,11912.189208633094,109.14297599311233,-3.9153500965706396
299,poly,0.01,0.01,100.0,99.5179856115108,11912.189208633094,109.14297599311233,-3.9153500965706396
305,poly,0.01,0.1,100.0,99.5179856115108,11912.189208633094,109.14297599311233,-3.9153500965706396
311,poly,0.01,1,100.0,99.5179856115108,11912.189208633094,109.14297599311233,-3.9153500965706396
317,poly,0.01,10,100.0,99.5179856115108,11912.189208633094,109.14297599311233,-3.9153500965706396
323,poly,0.01,100,100.0,99.5179856115108,11912.189208633094,109.14297599311233,-3.9153500965706396
329,poly,0.1,0.001,100.0,99.5179856115108,11912.189208633094,109.14297599311233,-3.9153500965706396
335,poly,0.1,0.01,100.0,99.5179856115108,11912.189208633094,109.14297599311233,-3.9153500965706396
347,poly,0.1,1,100.0,99.5179856115108,11912.189208633094,109.14297599311233,-3.9153500965706396
353,poly,0.1,10,100.0,99.5179856115108,11912.189208633094,109.14297599311233,-3.9153500965706396
359,poly,0.1,100,100.0,99.5179856115108,11912.189208633094,109.14297599311233,-3.9153500965706396
365,poly,1.0,0.001,100.0,99.5179856115108,11912.189208633094,109.14297599311233,-3.9153500965706396
371,poly,1.0,0.01,100.0,99.5179856115108,11912.189208633094,109.14297599311233,-3.9153500965706396
377,poly,1.0,0.1,100.0,99.5179856115108,11912.189208633094,109.14297599311233,-3.9153500965706396
251,rbf,100.0,100,100.0,99.5179856115108,11912.189208633094,109.14297599311233,-3.9153500965706396
245,rbf,100.0,10,100.0,99.5179856115108,11912.189208633094,109.14297599311233,-3.9153500965706396
239,rbf,100.0,1,100.0,99.5179856115108,11912.189208633094,109.14297599311233,-3.9153500965706396
233,rbf,100.0,0.1,100.0,99.5179856115108,11912.189208633094,109.14297599311233,-3.9153500965706396
113,rbf,0.1,0.001,100.0,99.5179856115108,11912.189208633094,109.14297599311233,-3.9153500965706396
119,rbf,0.1,0.01,100.0,99.5179856115108,11912.189208633094,109.14297599311233,-3.9153500965706396
125,rbf,0.1,0.1,100.0,99.5179856115108,11912.189208633094,109.14297599311233,-3.9153500965706396
131,rbf,0.1,1,100.0,99.5179856115108,11912.189208633094,109.14297599311233,-3.9153500965706396
137,rbf,0.1,10,100.0,99.5179856115108,11912.189208633094,109.14297599311233,-3.9153500965706396
143,rbf,0.1,100,100.0,99.5179856115108,11912.189208633094,109.14297599311233,-3.9153500965706396
149,rbf,1.0,0.001,100.0,99.5179856115108,11912.189208633094,109.14297599311233,-3.9153500965706396
155,rbf,1.0,0.01,100.0,99.5179856115108,11912.189208633094,109.14297599311233,-3.9153500965706396
161,rbf,1.0,0.1,100.0,99.5179856115108,11912.189208633094,109.14297599311233,-3.9153500965706396
383,poly,1.0,1,100.0,99.5179856115108,11912.189208633094,109.14297599311233,-3.9153500965706396
167,rbf,1.0,1,100.0,99.5179856115108,11912.189208633094,109.14297599311233,-3.9153500965706396
179,rbf,1.0,100,100.0,99.5179856115108,11912.189208633094,109.14297599311233,-3.9153500965706396
185,rbf,10.0,0.001,100.0,99.5179856115108,11912.189208633094,109.14297599311233,-3.9153500965706396
191,rbf,10.0,0.01,100.0,99.5179856115108,11912.189208633094,109.14297599311233,-3.9153500965706396
197,rbf,10.0,0.1,100.0,99.5179856115108,11912.189208633094,109.14297599311233,-3.9153500965706396
203,rbf,10.0,1,100.0,99.5179856115108,11912.189208633094,109.14297599311233,-3.9153500965706396
209,rbf,10.0,10,100.0,99.5179856115108,11912.189208633094,109.14297599311233,-3.9153500965706396
215,rbf,10.0,100,100.0,99.5179856115108,11912.189208633094,109.14297599311233,-3.9153500965706396
221,rbf,100.0,0.001,100.0,99.5179856115108,11912.189208633094,109.14297599311233,-3.9153500965706396
227,rbf,100.0,0.01,100.0,99.5179856115108,11912.189208633094,109.14297599311233,-3.9153500965706396
173,rbf,1.0,10,100.0,99.5179856115108,11912.189208633094,109.14297599311233,-3.9153500965706396
389,poly,1.0,10,100.0,99.5179856115108,11912.189208633094,109.14297599311233,-3.9153500965706396
395,poly,1.0,100,100.0,99.5179856115108,11912.189208633094,109.14297599311233,-3.9153500965706396
401,poly,10.0,0.001,100.0,99.5179856115108,11912.189208633094,109.14297599311233,-3.9153500965706396
557,sigmoid,0.1,0.1,100.0,99.5179856115108,11912.189208633094,109.14297599311233,-3.9153500965706396
563,sigmoid,0.1,1,100.0,99.5179856115108,11912.189208633094,109.14297599311233,-3.9153500965706396
569,sigmoid,0.1,10,100.0,99.5179856115108,11912.189208633094,109.14297599311233,-3.9153500965706396
575,sigmoid,0.1,100,100.0,99.5179856115108,11912.189208633094,109.14297599311233,-3.9153500965706396
581,sigmoid,1.0,0.001,100.0,99.5179856115108,11912.189208633094,109.14297599311233,-3.9153500965706396
587,sigmoid,1.0,0.01,100.0,99.5179856115108,11912.189208633094,109.14297599311233,-3.9153500965706396
593,sigmoid,1.0,0.1,100.0,99.5179856115108,11912.189208633094,109.14297599311233,-3.9153500965706396
599,sigmoid,1.0,1,100.0,99.5179856115108,11912.189208633094,109.14297599311233,-3.9153500965706396
605,sigmoid,1.0,10,100.0,99.5179856115108,11912.189208633094,109.14297599311233,-3.9153500965706396
611,sigmoid,1.0,100,100.0,99.5179856115108,11912.189208633094,109.14297599311233,-3.9153500965706396
617,sigmoid,10.0,0.001,100.0,99.5179856115108,11912.189208633094,109.14297599311233,-3.9153500965706396
623,sigmoid,10.0,0.01,100.0,99.5179856115108,11912.189208633094,109.14297599311233,-3.9153500965706396
629,sigmoid,10.0,0.1,100.0,99.5179856115108,11912.189208633094,109.14297599311233,-3.9153500965706396
635,sigmoid,10.0,1,100.0,99.5179856115108,11912.189208633094,109.14297599311233,-3.9153500965706396
641,sigmoid,10.0,10,100.0,99.5179856115108,11912.189208633094,109.14297599311233,-3.9153500965706396
647,sigmoid,10.0,100,100.0,99.5179856115108,11912.189208633094,109.14297599311233,-3.9153500965706396
653,sigmoid,100.0,0.001,100.0,99.5179856115108,11912.189208633094,109.14297599311233,-3.9153500965706396
659,sigmoid,100.0,0.01,100.0,99.5179856115108,11912.189208633094,109.14297599311233,-3.9153500965706396
665,sigmoid,100.0,0.1,100.0,99.5179856115108,11912.189208633094,109.14297599311233,-3.9153500965706396
671,sigmoid,100.0,1,100.0,99.5179856115108,11912.189208633094,109.14297599311233,-3.9153500965706396
677,sigmoid,100.0,10,100.0,99.5179856115108,11912.189208633094,109.14297599311233,-3.9153500965706396
551,sigmoid,0.1,0.01,100.0,99.5179856115108,11912.189208633094,109.14297599311233,-3.9153500965706396
107,rbf,0.01,100,100.0,99.5179856115108,11912.189208633094,109.14297599311233,-3.9153500965706396
545,sigmoid,0.1,0.001,100.0,99.5179856115108,11912.189208633094,109.14297599311233,-3.9153500965706396
533,sigmoid,0.01,10,100.0,99.5179856115108,11912.189208633094,109.14297599311233,-3.9153500965706396
407,poly,10.0,0.01,100.0,99.5179856115108,11912.189208633094,109.14297599311233,-3.9153500965706396
413,poly,10.0,0.1,100.0,99.5179856115108,11912.189208633094,109.14297599311233,-3.9153500965706396
419,poly,10.0,1,100.0,99.5179856115108,11912.189208633094,109.14297599311233,-3.9153500965706396
425,poly,10.0,10,100.0,99.5179856115108,11912.189208633094,109.14297599311233,-3.9153500965706396
431,poly,10.0,100,100.0,99.5179856115108,11912.189208633094,109.14297599311233,-3.9153500965706396
437,poly,100.0,0.001,100.0,99.5179856115108,11912.189208633094,109.14297599311233,-3.9153500965706396
443,poly,100.0,0.01,100.0,99.5179856115108,11912.189208633094,109.14297599311233,-3.9153500965706396
449,poly,100.0,0.1,100.0,99.5179856115108,11912.189208633094,109.14297599311233,-3.9153500965706396
455,poly,100.0,1,100.0,99.5179856115108,11912.189208633094,109.14297599311233,-3.9153500965706396
461,poly,100.0,10,100.0,99.5179856115108,11912.189208633094,109.14297599311233,-3.9153500965706396
467,poly,100.0,100,100.0,99.5179856115108,11912.189208633094,109.14297599311233,-3.9153500965706396
473,sigmoid,0.001,0.001,100.0,99.5179856115108,11912.189208633094,109.14297599311233,-3.9153500965706396
479,sigmoid,0.001,0.01,100.0,99.5179856115108,11912.189208633094,109.14297599311233,-3.9153500965706396
485,sigmoid,0.001,0.1,100.0,99.5179856115108,11912.189208633094,109.14297599311233,-3.9153500965706396
491,sigmoid,0.001,1,100.0,99.5179856115108,11912.189208633094,109.14297599311233,-3.9153500965706396
497,sigmoid,0.001,10,100.0,99.5179856115108,11912.189208633094,109.14297599311233,-3.9153500965706396
503,sigmoid,0.001,100,100.0,99.5179856115108,11912.189208633094,109.14297599311233,-3.9153500965706396
509,sigmoid,0.01,0.001,100.0,99.5179856115108,11912.189208633094,109.14297599311233,-3.9153500965706396
515,sigmoid,0.01,0.01,100.0,99.5179856115108,11912.189208633094,109.14297599311233,-3.9153500965706396
521,sigmoid,0.01,0.1,100.0,99.5179856115108,11912.189208633094,109.14297599311233,-3.9153500965706396
527,sigmoid,0.01,1,100.0,99.5179856115108,11912.189208633094,109.14297599311233,-3.9153500965706396
539,sigmoid,0.01,100,100.0,99.5179856115108,11912.189208633094,109.14297599311233,-3.9153500965706396
101,rbf,0.01,10,100.0,99.5179856115108,11912.189208633094,109.14297599311233,-3.9153500965706396
683,sigmoid,100.0,100,100.0,99.5179856115108,11912.189208633094,109.14297599311233,-3.9153500965706396
59,rbf,0.001,1,100.0,99.5179856115108,11912.189208633094,109.14297599311233,-3.9153500965706396
41,rbf,0.001,0.001,100.0,99.5179856115108,11912.189208633094,109.14297599311233,-3.9153500965706396
89,rbf,0.01,0.1,100.0,99.5179856115108,11912.189208633094,109.14297599311233,-3.9153500965706396
53,rbf,0.001,0.1,100.0,99.5179856115108,11912.189208633094,109.14297599311233,-3.9153500965706396
65,rbf,0.001,10,100.0,99.5179856115108,11912.189208633094,109.14297599311233,-3.9153500965706396
35,linear,100.0,None,100.0,99.5179856115108,11912.189208633094,109.14297599311233,-3.9153500965706396
17,linear,0.1,None,100.0,99.5179856115108,11912.189208633094,109.14297599311233,-3.9153500965706396
23,linear,1.0,None,100.0,99.5179856115108,11912.189208633094,109.14297599311233,-3.9153500965706396
83,rbf,0.01,0.01,100.0,99.5179856115108,11912.189208633094,109.14297599311233,-3.9153500965706396
11,linear,0.01,None,100.0,99.5179856115108,11912.189208633094,109.14297599311233,-3.9153500965706396
95,rbf,0.01,1,100.0,99.5179856115108,11912.189208633094,109.14297599311233,-3.9153500965706396
5,linear,0.001,None,100.0,99.5179856115108,11912.189208633094,109.14297599311233,-3.9153500965706396
71,rbf,0.001,100,100.0,99.5179856115108,11912.189208633094,109.14297599311233,-3.9153500965706396
47,rbf,0.001,0.01,100.0,99.5179856115108,11912.189208633094,109.14297599311233,-3.9153500965706396
29,linear,10.0,None,100.0,99.5179856115108,11912.189208633094,109.14297599311233,-3.9153500965706396
77,rbf,0.01,0.001,100.0,99.5179856115108,11912.189208633094,109.14297599311233,-3.9153500965706396
231,rbf,100.0,0.1,1.0,102.59176170772089,12019.398814053375,109.63301881300804,-3.959588207225729
230,rbf,100.0,0.1,0.1,103.65961270501666,12242.280994075025,110.64484169664226,-4.051556520178593
229,rbf,100.0,0.1,0.01,103.72756448301821,12255.280113660487,110.70356865819858,-4.056920372497478
228,rbf,100.0,0.1,0.001,103.73463698482848,12256.626591926459,110.70964994943512,-4.057475972476522
598,sigmoid,1.0,1,10.0,103.79309245835536,12964.425631082902,113.86143171014012,-4.349536484153825
382,poly,1.0,1,10.0,107.84278520831214,13306.809585262568,115.35514546504879,-4.490815049559887
280,poly,0.001,10,10.0,107.84311587665417,13306.883293265744,115.35546494755133,-4.49084546383842
238,rbf,100.0,1,10.0,108.7024858018145,13455.96698746988,115.99985770452427,-4.55236216222769
237,rbf,100.0,1,1.0,109.14520852003285,13474.77258780202,116.08088812462636,-4.5601219541340905
378,poly,1.0,1,0.001,108.11609398314347,13482.67094666445,116.11490406775717,-4.563381069508875
276,poly,0.001,10,0.001,108.11683443031382,13482.741695766917,116.11520871861238,-4.56341026285038
277,poly,0.001,10,0.01,108.13419178967798,13487.190309410014,116.13436317218954,-4.565245903060356
379,poly,1.0,1,0.01,108.13481639763867,13487.430212654679,116.13539603693044,-4.565344894808739
380,poly,1.0,1,0.1,108.42553397393299,13555.897065034216,116.42979457610589,-4.593596506965112
278,poly,0.001,10,0.1,108.42587346424709,13555.927408185851,116.42992488267718,-4.5936090275195385
235,rbf,100.0,1,0.01,109.61576731103256,13581.365089242823,116.5391139885782,-4.604105427958619
234,rbf,100.0,1,0.001,109.6301509138143,13584.8055608055,116.55387407034354,-4.605525076516217
236,rbf,100.0,1,0.1,109.62877743160291,13585.737421348675,116.55787155464309,-4.60590959196763
279,poly,0.001,10,1.0,108.78899982619411,13608.358796397872,116.65487043581966,-4.615243894511452
381,poly,1.0,1,1.0,108.78946371113233,13608.481901937272,116.65539808314604,-4.615294691792656
594,sigmoid,1.0,1,0.001,106.55469346453783,13655.408526425777,116.85635851944804,-4.634658117286614
595,sigmoid,1.0,1,0.01,106.56327895347839,13657.292276487617,116.86441835087194,-4.63543541278505
596,sigmoid,1.0,1,0.1,106.98470319905587,13707.960636720913,117.08100032336978,-4.65634279806947
597,sigmoid,1.0,1,1.0,106.94481225933337,13727.435221043545,117.16413794776773,-4.664378634157562
346,poly,0.1,1,10.0,110.53809873376996,13899.212403357842,117.89492102443532,-4.735259391245042
448,poly,100.0,0.1,10.0,110.53843402818521,13899.285676252559,117.89523177912056,-4.735289625983914
447,poly,100.0,0.1,1.0,111.04300024001522,14099.773204149058,118.74246588373116,-4.818017189519681
345,poly,0.1,1,1.0,111.04304916362842,14099.784065849739,118.74251162010066,-4.818021671404627
446,poly,100.0,0.1,0.1,111.41077879437606,14207.814761313128,119.19653837806334,-4.862598590061504
344,poly,0.1,1,0.1,111.41077024660787,14207.8161768699,119.19654431597377,-4.862599174165482
343,poly,0.1,1,0.01,111.48769171982566,14222.466783159172,119.25798414848028,-4.868644482695892
445,poly,100.0,0.1,0.01,111.48786590951542,14222.505989950856,119.25814852642505,-4.868660660671569
342,poly,0.1,1,0.001,111.48982344934392,14222.819073020024,119.25946114677872,-4.868789848755079
444,poly,100.0,0.1,0.001,111.48995521010687,14222.849142702149,119.25958721504175,-4.868802256467243
196,rbf,10.0,0.1,10.0,112.89340468077764,14467.843440010307,120.28234882978595,-4.969894735930225
195,rbf,10.0,0.1,1.0,114.02396266567774,14702.144542805383,121.25240015276144,-5.066574861478915
193,rbf,10.0,0.1,0.01,114.33897859103367,14776.075618686187,121.55688223496927,-5.097081186941486
194,rbf,10.0,0.1,0.1,114.34359030413727,14776.79874803385,121.55985664697803,-5.097379573228558
192,rbf,10.0,0.1,0.001,114.34602833236814,14777.672441829036,121.56345027116102,-5.097740087220179
604,sigmoid,1.0,10,10.0,99.77267510027076,15029.27363072352,122.59393798521818,-5.201558781372007
610,sigmoid,1.0,100,10.0,100.95720019978776,15325.410499307736,123.79584201138476,-5.323754320756037
603,sigmoid,1.0,10,1.0,100.71144387232718,15333.818351580054,123.82979589573769,-5.327223669400092
600,sigmoid,1.0,10,0.001,101.4959054214097,15483.865684267277,124.43418213765571,-5.389137995834715
601,sigmoid,1.0,10,0.01,101.50147185072922,15485.268811482008,124.43982003957579,-5.389716970981066
602,sigmoid,1.0,10,0.1,101.55713614392437,15499.307892446948,124.49621637803676,-5.3955099446123755
250,rbf,100.0,100,10.0,115.75677792517656,15746.93811394478,125.48680454113405,-5.497690090665717
412,poly,10.0,0.1,10.0,117.60746672727025,15779.4839226825,125.61641581689274,-5.511119531830571
310,poly,0.01,1,10.0,117.60761887449529,15779.521162088062,125.61656404347343,-5.511134897999837
608,sigmoid,1.0,100,0.1,102.82641899892806,15952.031488244489,126.30135188605263,-5.582318173674966
607,sigmoid,1.0,100,0.01,102.85225905662233,15958.991640876282,126.32890263465555,-5.5851901551648195
606,sigmoid,1.0,100,0.001,102.85585185014557,15959.959956175135,126.33273509338399,-5.585589713013874
249,rbf,100.0,100,1.0,116.81231755378415,16034.13216716972,126.62595376608115,-5.6161955385334075
248,rbf,100.0,100,0.1,116.91738172097224,16060.441072980582,126.72979552173427,-5.627051434158736
247,rbf,100.0,100,0.01,116.92839941518558,16063.127461934379,126.74039396314964,-5.628159924124115
246,rbf,100.0,100,0.001,116.92949586675924,16063.397373418045,126.74145877895695,-5.628271298231265
408,poly,10.0,0.1,0.001,119.11115952389673,16187.117551634832,127.22860351208305,-5.679322199060215
306,poly,0.01,1,0.001,119.11137118286787,16187.169408772344,127.22880730704169,-5.67934359697301
307,poly,0.01,1,0.01,119.12329292919367,16190.051878630451,127.24013470061422,-5.6805329961881545
409,poly,10.0,0.1,0.01,119.12359186916287,16190.123745681594,127.2404171074647,-5.680562650831024
244,rbf,100.0,10,10.0,117.31002918170974,16221.849593424186,127.36502500068136,-5.693653749875381
308,poly,0.01,1,0.1,119.26552980676794,16222.335524756052,127.36693261893392,-5.693854260677987
410,poly,10.0,0.1,0.1,119.26565284252685,16222.375156389158,127.36708819938202,-5.693870613956817
411,poly,10.0,0.1,1.0,119.37469625159748,16253.609736529728,127.48964560516171,-5.706759000282903
309,poly,0.01,1,1.0,119.37476226598226,16253.62840130152,127.48971880626893,-5.706766701964452
609,sigmoid,1.0,100,1.0,104.73685102785252,16455.79278066124,128.28013400624914,-5.7901861880223775
201,rbf,10.0,1,1.0,121.13177205318024,16541.32967356053,128.61310070735612,-5.825481444621238
200,rbf,10.0,1,0.1,121.34858484253215,16596.752575060997,128.82838419797477,-5.84835070563374
198,rbf,10.0,1,0.001,121.35779009582804,16599.117279464004,128.8375616016696,-5.8493264582693065
199,rbf,10.0,1,0.01,121.35857326913103,16599.283464362907,128.83820653968647,-5.849395031471474
568,sigmoid,0.1,10,10.0,121.27808528036326,16840.791136537176,129.77207379300515,-5.9490488179378636
574,sigmoid,0.1,100,10.0,121.3699385958107,16866.714037074515,129.8719139655473,-5.959745435446864
565,sigmoid,0.1,10,0.01,121.33889558328818,16871.282833704925,129.8895023999435,-5.9616306669996195
564,sigmoid,0.1,10,0.001,121.34219705153635,16872.105879019193,129.89267061316121,-5.961970281808796
566,sigmoid,0.1,10,0.1,121.35270727001803,16874.835200978065,129.90317625438595,-5.963096487304624
570,sigmoid,0.1,100,0.001,121.42751961940614,16897.619132406944,129.99084249441168,-5.972497865807581
571,sigmoid,0.1,100,0.01,121.43276571838392,16899.013682472476,129.9962064156969,-5.973073301747965
572,sigmoid,0.1,100,0.1,121.48446667756636,16912.762161424635,130.04907597297503,-5.978746363698342
567,sigmoid,0.1,10,1.0,121.53232232321173,16920.183270683672,130.07760480068686,-5.981808550629241
208,rbf,10.0,10,10.0,121.06722931954474,16936.78593217018,130.14140744655475,-5.988659339540644
226,rbf,100.0,0.01,10.0,122.62738820175166,16943.234352505893,130.1661797569011,-5.991320163925208
573,sigmoid,0.1,100,1.0,121.75354754289229,16979.427742947115,130.30513321794777,-6.006254713913009
214,rbf,10.0,100,10.0,121.1894913166539,16993.343341695603,130.35851848535103,-6.0119967348341214
202,rbf,10.0,1,10.0,122.84496906964351,17011.846989261165,130.4294713217115,-6.019631931375692
204,rbf,10.0,10,0.001,121.48589040546516,17050.844668927584,130.5788829364365,-6.0357236207500895
205,rbf,10.0,10,0.01,121.48644034601531,17050.937793509307,130.57923951957028,-6.035762046929673
206,rbf,10.0,10,0.1,121.49402938446988,17052.394545243184,130.584817437722,-6.0363631492669825
243,rbf,100.0,10,1.0,120.99751856283855,17059.550717029833,130.612215037606,-6.039316014526804
207,rbf,10.0,10,1.0,121.56387623356397,17064.844705903528,130.63247952137908,-6.041500483583314
242,rbf,100.0,10,0.1,121.28155733095745,17128.498812685208,130.8758908763765,-6.06776620304399
241,rbf,100.0,10,0.01,121.28710395311901,17130.613046330123,130.8839678735716,-6.068638603437292
240,rbf,100.0,10,0.001,121.28759847926804,17130.83929786929,130.88483219177573,-6.068731962055546
414,poly,10.0,1,0.001,112.51327562710627,17186.790438818574,131.09839983317332,-6.091819191552286
312,poly,0.01,10,0.001,112.51845403289471,17189.40058385003,131.10835436329003,-6.0928962208378135
415,poly,10.0,1,0.01,112.526255547894,17190.82995514324,131.11380535680917,-6.09348602512996
313,poly,0.01,10,0.01,112.53157397740688,17193.502462841956,131.12399651795988,-6.094588787245713
168,rbf,1.0,10,0.001,122.1851385776054,17226.203740186673,131.24863328883342,-6.108082379728096
169,rbf,1.0,10,0.01,122.18771309863048,17226.84516525292,131.25107681559385,-6.108347052216594
416,poly,10.0,1,0.1,112.65820711769061,17232.93452242906,131.27427212683017,-6.110859715662379
170,rbf,1.0,10,0.1,122.21795586236667,17234.402790575903,131.27986437598076,-6.111465570039854
314,poly,0.01,10,0.1,112.66271243860047,17234.443342130766,131.2800188228611,-6.111482302907812
558,sigmoid,0.1,1,0.001,122.66956986543434,17237.09787665216,131.2901286336949,-6.112577648716005
559,sigmoid,0.1,1,0.01,122.6813340013706,17240.09104378531,131.3015271951751,-6.113812725165792
210,rbf,10.0,100,0.001,122.22467744077753,17262.67229538936,131.38748911288837,-6.123130471493412
211,rbf,10.0,100,0.01,122.22499772856,17262.761431706695,131.3878283240373,-6.1231672519876055
212,rbf,10.0,100,0.1,122.22844981389298,17263.629370600556,131.39113124789114,-6.123525391322956
213,rbf,10.0,100,1.0,122.28357628036156,17277.055620012285,131.44221399539907,-6.129065491063373
560,sigmoid,0.1,1,0.1,122.8285824039957,17277.949946010347,131.4456159254098,-6.129434518561505
255,poly,0.001,0.001,1.0,122.39928059105588,17285.53273755848,131.474456597312,-6.132563420773818
291,poly,0.01,0.001,1.0,122.39928073070334,17285.532771268434,131.47445672551163,-6.132563434683623
327,poly,0.1,0.001,1.0,122.39928212717754,17285.533108367854,131.4744580075075,-6.13256357378162
261,poly,0.001,0.01,1.0,122.3992960919192,17285.536479362436,131.47447082746686,-6.1325649647617535
363,poly,1.0,0.001,1.0,122.3992960919192,17285.53647936244,131.4744708274669,-6.132564964761756
297,poly,0.01,0.01,1.0,122.39943573933563,17285.570189358787,131.4745990271839,-6.132578874583947
399,poly,10.0,0.001,1.0,122.39943573933627,17285.570189358947,131.47459902718452,-6.132578874584014
471,sigmoid,0.001,0.001,1.0,122.39970195334925,17285.634923349648,131.4748452113546,-6.132605585898102
39,rbf,0.001,0.001,1.0,122.40011217460344,17285.73439995864,131.47522352123477,-6.1326466331272105
69,rbf,0.001,100,1.0,122.40042642648106,17285.826310979643,131.47557305819072,-6.1326845585528424
333,poly,0.1,0.01,1.0,122.40083221350005,17285.90729437481,131.4758810366936,-6.132717974890704
435,poly,100.0,0.001,1.0,122.40083221350645,17285.907294376444,131.47588103669983,-6.132717974891379
63,rbf,0.001,10,1.0,122.40168811737995,17286.138544935686,131.47676047475343,-6.132813396265132
477,sigmoid,0.001,0.01,1.0,122.4034894184805,17286.55345992835,131.47833836768834,-6.132984603455813
507,sigmoid,0.01,0.001,1.0,122.40349435363703,17286.55464852201,131.47834288780038,-6.132985093907556
45,rbf,0.001,0.01,1.0,122.40666990618314,17287.32395625451,131.48126846153602,-6.133302534872519
75,rbf,0.01,0.001,1.0,122.40759656617882,17287.549470612536,131.48212604994086,-6.133395589306267
105,rbf,0.01,100,1.0,122.41119755578579,17288.585479553134,131.48606572391287,-6.13382307971605
369,poly,1.0,0.01,1.0,122.41479695514428,17289.278849782833,131.48870236557525,-6.134109186439662
267,poly,0.001,0.1,1.0,122.41479695515915,17289.27884978661,131.4887023655896,-6.13410918644122
57,rbf,0.001,1,1.0,122.41490603749064,17289.352162449388,131.4889811446168,-6.134139437589665
561,sigmoid,0.1,1,1.0,122.88220706313493,17291.015228698663,131.49530496827126,-6.134825671891843
99,rbf,0.01,10,1.0,122.4233559939059,17291.591520249047,131.49749625087563,-6.135063468209397
528,sigmoid,0.01,10,0.001,122.50065763500622,17291.62881605745,131.49763806265668,-6.135078857652281
529,sigmoid,0.01,10,0.01,122.50065763500622,17291.62881605745,131.49763806265668,-6.135078857652281
530,sigmoid,0.01,10,0.1,122.50065763500622,17291.62881605745,131.49763806265668,-6.135078857652281
51,rbf,0.001,0.1,1.0,122.4303645049001,17293.04042545501,131.50300538563752,-6.135661332818439
483,sigmoid,0.001,0.1,1.0,122.43754567453544,17294.825065356275,131.50979075854497,-6.136397732296099
513,sigmoid,0.01,0.01,1.0,122.44136900494902,17295.741924323236,131.51327660857376,-6.136776057617571
543,sigmoid,0.1,0.001,1.0,122.4414183565139,17295.753815099542,131.51332181607893,-6.13678096413202
495,sigmoid,0.001,10,1.0,122.46199411068594,17299.506401915023,131.52758798790094,-6.138329401421154
501,sigmoid,0.001,100,1.0,122.46308093521641,17299.822786848214,131.52879071461203,-6.1384599519593195
536,sigmoid,0.01,100,0.1,122.53489319027376,17300.749884985424,131.5323149837538,-6.138842502289779
535,sigmoid,0.01,100,0.01,122.53489319027376,17300.749884985424,131.5323149837538,-6.138842502289779
534,sigmoid,0.01,100,0.001,122.53489319027376,17300.749884985424,131.5323149837538,-6.138842502289779
489,sigmoid,0.001,1,1.0,122.46953140822868,17302.0127341152,131.53711542418438,-6.13936359421363
81,rbf,0.01,0.01,1.0,122.47317388197494,17303.450916594767,131.54258214203782,-6.139957034282959
111,rbf,0.1,0.001,1.0,122.48244048193209,17305.70763606022,131.55115976706637,-6.140888228881043
141,rbf,0.1,100,1.0,122.51845037800175,17316.074746924678,131.59055721032829,-6.145166030257119
405,poly,10.0,0.01,1.0,122.55444437158728,17323.044928640717,131.61703889937928,-6.14804215006776
303,poly,0.01,0.1,1.0,122.55444437173517,17323.044928678453,131.61703889952264,-6.148042150083331
93,rbf,0.01,1,1.0,122.55553519505008,17323.757213843197,131.61974477198774,-6.148336061713845
135,rbf,0.1,10,1.0,122.64003475920303,17346.188119981412,131.70492822966577,-6.157591770695763
126,rbf,0.1,1,0.001,122.74045988824035,17356.075723927952,131.74245983709258,-6.161671712187815
127,rbf,0.1,1,0.01,122.74920089543463,17358.277476804204,131.7508158487233,-6.16258022581393
87,rbf,0.01,0.1,1.0,122.71011986914472,17360.71696040207,131.76007346841482,-6.163586834735964
171,rbf,1.0,10,1.0,122.72214910516767,17360.851897392233,131.76058552310792,-6.163642514052
177,rbf,1.0,100,1.0,122.69452939664536,17362.543953351495,131.7670063155094,-6.164340710435309
174,rbf,1.0,100,0.001,122.7140914574554,17366.857207557387,131.783372272671,-6.166120497014093
175,rbf,1.0,100,0.01,122.71887326790544,17368.079445042185,131.78800948888403,-6.166624831274884
524,sigmoid,0.01,1,0.1,122.78817577958317,17370.860468054772,131.79856018961198,-6.1677723702783425
523,sigmoid,0.01,1,0.01,122.79076686985034,17371.497025240376,131.80097505420957,-6.168035034123664
522,sigmoid,0.01,1,0.001,122.79076686985034,17371.49702524038,131.8009750542096,-6.168035034123665
128,rbf,0.1,1,0.1,122.80672417891597,17372.646215342033,131.80533454812075,-6.168509226698867
531,sigmoid,0.01,10,1.0,122.82431531303693,17374.474204181053,131.8122687923285,-6.169263513334098
519,sigmoid,0.01,0.1,1.0,122.78193156549814,17378.61458767038,131.82797346417178,-6.170971967928604
537,sigmoid,0.01,100,1.0,122.84027610963916,17378.99252566349,131.8294069078045,-6.171127917227123
176,rbf,1.0,100,0.1,122.76360531839728,17379.515530213557,131.8313905343244,-6.171343725624778
132,rbf,0.1,10,0.001,122.78522552044997,17383.122469131464,131.84506994624965,-6.172832063935053
133,rbf,0.1,10,0.01,122.78522552044997,17383.122469131464,131.84506994624965,-6.172832063935053
134,rbf,0.1,10,0.1,122.78522552044997,17383.122469131467,131.84506994624968,-6.172832063935055
549,sigmoid,0.1,0.01,1.0,122.82016486963377,17387.817574542925,131.86287413272518,-6.174769414528923
579,sigmoid,1.0,0.001,1.0,122.82065838528234,17387.936966274887,131.86332684364857,-6.1748186793744475
3,linear,0.001,None,1.0,122.82066340277211,17387.938180453377,131.86333144757634,-6.174819180383311
139,rbf,0.1,100,0.01,122.81494199382058,17391.736460816323,131.8777329984722,-6.176386472290937
140,rbf,0.1,100,0.1,122.81494199382058,17391.736460816323,131.8777329984722,-6.176386472290937
138,rbf,0.1,100,0.001,122.81494199382058,17391.736460816323,131.8777329984722,-6.176386472290937
91,rbf,0.01,1,0.01,122.8373593973246,17395.784921475304,131.89308140109284,-6.178056996586896
90,rbf,0.01,1,0.001,122.8373593973246,17395.784921475304,131.89308140109284,-6.178056996586896
92,rbf,0.01,1,0.1,122.83735939732465,17395.784921475315,131.8930814010929,-6.178056996586901
493,sigmoid,0.001,10,0.01,122.83889460544633,17395.795470283396,131.89312139108466,-6.178061349362358
494,sigmoid,0.001,10,0.1,122.83889460544633,17395.795470283396,131.89312139108466,-6.178061349362358
492,sigmoid,0.001,10,0.001,122.83889460544633,17395.795470283396,131.89312139108466,-6.178061349362358
499,sigmoid,0.001,100,0.01,122.84229155650026,17396.704654492605,131.89656801635365,-6.178436507833422
500,sigmoid,0.001,100,0.1,122.84229155650026,17396.704654492605,131.89656801635365,-6.178436507833422
498,sigmoid,0.001,100,0.001,122.84229155650026,17396.704654492605,131.89656801635365,-6.178436507833422
488,sigmoid,0.001,1,0.1,122.8679959041079,17403.814356839433,131.9235170727321,-6.181370198316759
487,sigmoid,0.001,1,0.01,122.8679959041079,17403.814356839433,131.9235170727321,-6.181370198316759
486,sigmoid,0.001,1,0.001,122.8679959041079,17403.814356839437,131.9235170727321,-6.18137019831676
97,rbf,0.01,10,0.01,122.86845060959892,17405.234539756515,131.9288995624405,-6.181956211191165
96,rbf,0.01,10,0.001,122.86845060959894,17405.234539756515,131.9288995624405,-6.181956211191165
98,rbf,0.01,10,0.1,122.86845060959892,17405.234539756515,131.9288995624405,-6.181956211191165
102,rbf,0.01,100,0.001,122.87142225693603,17406.09677763529,131.9321673347152,-6.182311998105432
104,rbf,0.01,100,0.1,122.87142225693603,17406.09677763529,131.9321673347152,-6.182311998105432
103,rbf,0.01,100,0.01,122.87142225693603,17406.09677763529,131.9321673347152,-6.182311998105432
54,rbf,0.001,1,0.001,122.87366399728644,17406.50142453198,131.93370086726128,-6.182478968351446
55,rbf,0.001,1,0.01,122.87366399728644,17406.501424531984,131.9337008672613,-6.182478968351447
56,rbf,0.001,1,0.1,122.87366399728647,17406.501424531987,131.9337008672613,-6.1824789683514485
61,rbf,0.001,10,0.01,122.87677311851387,17407.446966832144,131.93728421804104,-6.182869129333193
60,rbf,0.001,10,0.001,122.87677311851387,17407.446966832144,131.93728421804104,-6.182869129333193
62,rbf,0.001,10,0.1,122.87677311851387,17407.446966832144,131.93728421804104,-6.182869129333193
67,rbf,0.001,100,0.01,122.87707028324753,17407.533199007124,131.9376110099282,-6.182904711485407
66,rbf,0.001,100,0.001,122.87707028324753,17407.533199007124,131.9376110099282,-6.182904711485407
68,rbf,0.001,100,0.1,122.87707028324753,17407.533199007124,131.9376110099282,-6.182904711485407
252,poly,0.001,0.001,0.001,122.87769784616155,17407.692806680763,131.93821586894663,-6.1829705707141605
253,poly,0.001,0.001,0.01,122.87769784616155,17407.692806680763,131.93821586894663,-6.1829705707141605
254,poly,0.001,0.001,0.1,122.87769784616155,17407.692806680767,131.93821586894666,-6.182970570714161
288,poly,0.01,0.001,0.001,122.87769788607588,17407.69281500913,131.93821590050825,-6.18297057415071
289,poly,0.01,0.001,0.01,122.87769788607588,17407.69281500913,131.93821590050825,-6.18297057415071
290,poly,0.01,0.001,0.1,122.87769788607588,17407.69281500913,131.93821590050825,-6.18297057415071
324,poly,0.1,0.001,0.001,122.87769828521937,17407.692898292757,131.93821621612426,-6.1829706085161975
325,poly,0.1,0.001,0.01,122.87769828521937,17407.692898292757,131.93821621612426,-6.1829706085161975
326,poly,0.1,0.001,0.1,122.87769828521937,17407.692898292757,131.93821621612426,-6.1829706085161975
361,poly,1.0,0.001,0.01,122.87770227665315,17407.693731129002,131.93821937228424,-6.182970952171058
362,poly,1.0,0.001,0.1,122.87770227665315,17407.693731129002,131.93821937228424,-6.182970952171058
360,poly,1.0,0.001,0.001,122.87770227665315,17407.693731129002,131.93821937228424,-6.182970952171058
258,poly,0.001,0.01,0.001,122.87770227665321,17407.693731129017,131.9382193722843,-6.182970952171063
260,poly,0.001,0.01,0.1,122.87770227665321,17407.693731129017,131.9382193722843,-6.182970952171063
259,poly,0.001,0.01,0.01,122.87770227665321,17407.693731129017,131.9382193722843,-6.182970952171063
398,poly,10.0,0.001,0.1,122.87774219099158,17407.70205951456,131.93825093396742,-6.182974388729194
397,poly,10.0,0.001,0.01,122.87774219099158,17407.70205951456,131.93825093396742,-6.182974388729194
396,poly,10.0,0.001,0.001,122.87774219099158,17407.70205951456,131.93825093396742,-6.182974388729194
294,poly,0.01,0.01,0.001,122.87774219099224,17407.702059514722,131.93825093396805,-6.182974388729262
295,poly,0.01,0.01,0.01,122.87774219099224,17407.702059514722,131.93825093396805,-6.182974388729262
296,poly,0.01,0.01,0.1,122.87774219099224,17407.702059514722,131.93825093396805,-6.182974388729262
469,sigmoid,0.001,0.001,0.01,122.8778119227914,17407.71693428075,131.93830730413646,-6.182980526533267
470,sigmoid,0.001,0.001,0.1,122.8778119227914,17407.71693428075,131.93830730413646,-6.182980526533267
468,sigmoid,0.001,0.001,0.001,122.87781192279142,17407.716934280757,131.9383073041365,-6.18298052653327
38,rbf,0.001,0.001,0.1,122.87792213898004,17407.740199191918,131.9383954699765,-6.182990126379386
37,rbf,0.001,0.001,0.01,122.87792213898004,17407.740199191918,131.9383954699765,-6.182990126379386
36,rbf,0.001,0.001,0.001,122.87792213898004,17407.740199191918,131.9383954699765,-6.182990126379386
434,poly,100.0,0.001,0.1,122.87814133437632,17407.78534566079,131.93856655906487,-6.183008755255762
433,poly,100.0,0.001,0.01,122.87814133437632,17407.7853456608,131.9385665590649,-6.1830087552557655
432,poly,100.0,0.001,0.001,122.87814133437632,17407.7853456608,131.9385665590649,-6.1830087552557655
331,poly,0.1,0.01,0.01,122.87814133438299,17407.785345662498,131.93856655907135,-6.183008755256467
330,poly,0.1,0.01,0.001,122.87814133438299,17407.785345662498,131.93856655907135,-6.183008755256467
332,poly,0.1,0.01,0.1,122.87814133438299,17407.7853456625,131.93856655907135,-6.183008755256469
476,sigmoid,0.001,0.01,0.1,122.87883721392657,17407.93379454383,131.93912912606265,-6.183070010010771
475,sigmoid,0.001,0.01,0.01,122.87883721392657,17407.93379454383,131.93912912606265,-6.183070010010771
474,sigmoid,0.001,0.01,0.001,122.8788372139266,17407.933794543835,131.93912912606265,-6.183070010010772
506,sigmoid,0.01,0.001,0.1,122.878838652374,17407.934093673673,131.93913025965296,-6.183070133441307
505,sigmoid,0.01,0.001,0.01,122.878838652374,17407.934093673673,131.93913025965296,-6.183070133441307
504,sigmoid,0.01,0.001,0.001,122.878838652374,17407.93409367368,131.93913025965298,-6.183070133441309
43,rbf,0.001,0.01,0.01,122.87962150862882,17408.095337725095,131.93974131293837,-6.183136667891848
44,rbf,0.001,0.01,0.1,122.87962150862882,17408.095337725095,131.93974131293837,-6.183136667891848
42,rbf,0.001,0.01,0.001,122.87962150862884,17408.0953377251,131.9397413129384,-6.18313666789185
72,rbf,0.01,0.001,0.001,122.8799408142607,17408.166750466135,131.94001193901013,-6.183166135071844
73,rbf,0.01,0.001,0.01,122.87994081426068,17408.166750466135,131.94001193901013,-6.1831661350718425
74,rbf,0.01,0.001,0.1,122.87994081426068,17408.166750466135,131.94001193901013,-6.1831661350718425
49,rbf,0.001,0.1,0.01,122.88183519954374,17408.34543407356,131.94068907684832,-6.183239865640728
50,rbf,0.001,0.1,0.1,122.8818351995438,17408.345434073563,131.94068907684832,-6.183239865640729
48,rbf,0.001,0.1,0.001,122.8818351995438,17408.345434073566,131.94068907684834,-6.183239865640731
265,poly,0.001,0.1,0.01,122.88213276827635,17408.61843619859,131.9417236366063,-6.1833525150453115
266,poly,0.001,0.1,0.1,122.88213276827635,17408.61843619859,131.9417236366063,-6.1833525150453115
264,poly,0.001,0.1,0.001,122.88213276827636,17408.618436198594,131.9417236366063,-6.183352515045313
368,poly,1.0,0.01,0.1,122.88213276829113,17408.61843620237,131.94172363662062,-6.183352515046871
367,poly,1.0,0.01,0.01,122.88213276829113,17408.61843620237,131.94172363662062,-6.183352515046871
366,poly,1.0,0.01,0.001,122.88213276829113,17408.618436202374,131.94172363662062,-6.183352515046872
480,sigmoid,0.001,0.1,0.001,122.88834228277129,17409.968049426425,131.94683796676003,-6.183909408609843
482,sigmoid,0.001,0.1,0.1,122.88834228277129,17409.96804942643,131.94683796676003,-6.1839094086098445
481,sigmoid,0.001,0.1,0.01,122.88834228277129,17409.96804942643,131.94683796676003,-6.1839094086098445
512,sigmoid,0.01,0.01,0.1,122.88909156372617,17410.102959220854,131.94734919361153,-6.18396507670405
511,sigmoid,0.01,0.01,0.01,122.88909156372617,17410.102959220854,131.94734919361153,-6.18396507670405
510,sigmoid,0.01,0.01,0.001,122.88909156372623,17410.10295922086,131.94734919361156,-6.183965076704053
541,sigmoid,0.1,0.001,0.01,122.88910594820047,17410.105951423717,131.94736053223542,-6.18396631138261
540,sigmoid,0.1,0.001,0.001,122.88910594820047,17410.105951423717,131.94736053223542,-6.18396631138261
542,sigmoid,0.1,0.001,0.1,122.88910594820047,17410.105951423717,131.94736053223542,-6.18396631138261
78,rbf,0.01,0.01,0.001,122.89693451074855,17411.718920761952,131.95347256045198,-6.184631874097709
80,rbf,0.01,0.01,0.1,122.89693451074855,17411.718920761952,131.95347256045198,-6.184631874097709
79,rbf,0.01,0.01,0.01,122.89693451074855,17411.718920761956,131.95347256045198,-6.184631874097711
110,rbf,0.1,0.001,0.1,122.90012756706747,17412.433287418033,131.95617942111704,-6.184926644618093
109,rbf,0.1,0.001,0.01,122.90012756706747,17412.433287418033,131.95617942111704,-6.184926644618093
108,rbf,0.1,0.001,0.001,122.90012756706747,17412.433287418033,131.95617942111704,-6.184926644618093
86,rbf,0.01,0.1,0.1,122.91907141989802,17414.229417057977,131.96298502632462,-6.185667785129256
84,rbf,0.01,0.1,0.001,122.91907141989802,17414.229417057977,131.96298502632462,-6.185667785129256
85,rbf,0.01,0.1,0.01,122.91907141989802,17414.229417057984,131.96298502632465,-6.185667785129259
525,sigmoid,0.01,1,1.0,122.96240644972228,17415.52848555674,131.96790702878008,-6.186203822322673
302,poly,0.01,0.1,0.1,122.92204710722434,17416.97224776503,131.9733770416027,-6.186799564766455
301,poly,0.01,0.1,0.01,122.92204710722434,17416.97224776503,131.9733770416027,-6.186799564766455
300,poly,0.01,0.1,0.001,122.92204710722434,17416.972247765032,131.97337704160273,-6.1867995647664555
403,poly,10.0,0.01,0.01,122.92204710737158,17416.972247802725,131.97337704174552,-6.18679956478201
404,poly,10.0,0.01,0.1,122.92204710737158,17416.972247802725,131.97337704174552,-6.18679956478201
402,poly,10.0,0.01,0.001,122.92204710737158,17416.972247802725,131.97337704174552,-6.18679956478201
129,rbf,0.1,1,1.0,123.03573928783584,17430.456579633763,132.02445447580445,-6.1923636311855095
516,sigmoid,0.01,0.1,0.001,122.98414225217365,17430.46704069879,132.02449409370516,-6.192367947755376
518,sigmoid,0.01,0.1,0.1,122.98414225217365,17430.467040698793,132.0244940937052,-6.192367947755378
517,sigmoid,0.01,0.1,0.01,122.98414225217365,17430.467040698793,132.0244940937052,-6.192367947755378
548,sigmoid,0.1,0.01,0.1,122.99163506172243,17431.820898524893,132.02962129206043,-6.192926592776852
546,sigmoid,0.1,0.01,0.001,122.99163506172243,17431.820898524893,132.02962129206043,-6.192926592776852
547,sigmoid,0.1,0.01,0.01,122.99163506172243,17431.820898524897,132.02962129206043,-6.192926592776853
578,sigmoid,1.0,0.001,0.1,122.99177890646561,17431.85091098466,132.02973495006592,-6.19293897687724
576,sigmoid,1.0,0.001,0.001,122.99177890646561,17431.85091098466,132.02973495006592,-6.19293897687724
577,sigmoid,1.0,0.001,0.01,122.99177890646561,17431.85091098466,132.02973495006592,-6.19293897687724
1,linear,0.001,None,0.01,122.9917803861048,17431.851220817003,132.02973612340898,-6.192939104723971
0,linear,0.001,None,0.001,122.9917803861048,17431.851220817003,132.02973612340898,-6.192939104723971
2,linear,0.001,None,0.1,122.9917803861048,17431.851220817007,132.02973612340898,-6.192939104723973
336,poly,0.1,0.1,0.001,123.09887565838463,17446.283410908418,132.08437988993407,-6.198894287748443
337,poly,0.1,0.1,0.01,123.09887565838463,17446.283410908418,132.08437988993407,-6.198894287748443
338,poly,0.1,0.1,0.1,123.09887565838463,17446.283410908418,132.08437988993407,-6.198894287748443
440,poly,100.0,0.01,0.1,123.0988756769886,17446.28341567809,132.08437990798944,-6.198894289716562
439,poly,100.0,0.01,0.01,123.0988756769886,17446.28341567809,132.08437990798944,-6.198894289716562
438,poly,100.0,0.01,0.001,123.0988756769886,17446.28341567809,132.08437990798944,-6.198894289716562
116,rbf,0.1,0.01,0.1,123.06959082245447,17447.910917886034,132.09054060713822,-6.199565849158314
115,rbf,0.1,0.01,0.01,123.07006453194624,17448.033486779554,132.09100456420018,-6.199616425002271
114,rbf,0.1,0.01,0.001,123.07006453194624,17448.033486779554,132.09100456420018,-6.199616425002271
123,rbf,0.1,0.1,1.0,123.20293023195009,17449.754846936237,132.09752021493907,-6.200326713234282
117,rbf,0.1,0.01,1.0,123.07940675270858,17450.39644615787,132.09994869854367,-6.200591457584862
146,rbf,1.0,0.001,0.1,123.09844260866343,17454.285728493498,132.11466886191516,-6.202196299815722
145,rbf,1.0,0.001,0.01,123.10199509513545,17455.20107790682,132.11813303974145,-6.202574002247101
144,rbf,1.0,0.001,0.001,123.10199509513545,17455.20107790682,132.11813303974145,-6.202574002247101
147,rbf,1.0,0.001,1.0,123.14301524628533,17465.729633287974,132.15797226534605,-6.2069184207921015
441,poly,100.0,0.01,1.0,123.18301887657111,17467.69126501045,132.1653935983639,-6.207727852753567
339,poly,0.1,0.1,1.0,123.18301890255015,17467.691271675725,132.16539362357958,-6.207727855503872
562,sigmoid,0.1,1,10.0,123.57106929855516,17467.80737194561,132.1658328462603,-6.20777576218692
28,linear,10.0,None,10.0,124.83787407651138,17499.951683932795,132.28738293553468,-6.22103953295677
122,rbf,0.1,0.1,0.1,123.48650390769927,17521.92285840419,132.3704002351137,-6.230105541955474
121,rbf,0.1,0.1,0.01,123.48650390769927,17521.92285840419,132.3704002351137,-6.230105541955474
120,rbf,0.1,0.1,0.001,123.48650390769927,17521.92285840419,132.3704002351137,-6.230105541955474
160,rbf,1.0,0.1,10.0,124.40595482465338,17526.698873231784,132.38843934887888,-6.23207627836109
256,poly,0.001,0.001,10.0,123.35611512987879,17530.352883112922,132.40223896563427,-6.233584039655639
292,poly,0.01,0.001,10.0,123.35611532756567,17530.352931848804,132.40223914967905,-6.233584059765622
328,poly,0.1,0.001,10.0,123.35611730443354,17530.353419207444,132.40224099012616,-6.233584260865378
364,poly,1.0,0.001,10.0,123.35613707311225,17530.35829279478,132.40225939459938,-6.233586271863319
262,poly,0.001,0.01,10.0,123.35613707311234,17530.358292794797,132.40225939459944,-6.233586271863326
400,poly,10.0,0.001,10.0,123.35633475989943,17530.407028763533,132.40244343955112,-6.233606381882101
298,poly,0.01,0.01,10.0,123.35633475990016,17530.407028763715,132.4024434395518,-6.2336063818821765
472,sigmoid,0.001,0.001,10.0,123.35664644474843,17530.484119719553,132.40273456284638,-6.23363819207513
70,rbf,0.001,100,10.0,123.35674939336091,17530.517829404394,132.40286186259115,-6.233652101768783
40,rbf,0.001,0.001,10.0,123.35716108294567,17530.611201405405,132.40321446779683,-6.233690630041475
64,rbf,0.001,10,10.0,123.3581734270252,17530.873308501614,132.40420427048988,-6.233798783808856
436,poly,100.0,0.001,10.0,123.35831162777176,17530.89439798793,132.40428391101221,-6.2338074860051345
334,poly,0.1,0.01,10.0,123.35831162777872,17530.894397989712,132.40428391101895,-6.23380748600587
478,sigmoid,0.001,0.01,10.0,123.36142126977298,17531.663551435162,132.40718844320787,-6.234124863307065
508,sigmoid,0.01,0.001,10.0,123.36142847626144,17531.66532785059,132.40719515136098,-6.234125596312863
106,rbf,0.01,100,10.0,123.36348163291794,17532.26544464285,132.40946131090047,-6.234373223686902
46,rbf,0.001,0.01,10.0,123.36520705521498,17532.595443104456,132.41070743374365,-6.23450939160211
76,rbf,0.01,0.001,10.0,123.36657485823336,17532.936230817668,132.41199428608297,-6.234650011507463
100,rbf,0.01,10,10.0,123.37669829902904,17535.557669597656,132.42189271263894,-6.235731700954692
502,sigmoid,0.001,100,10.0,123.3848246444493,17535.75317023758,132.42263088399045,-6.235812370768821
370,poly,1.0,0.01,10.0,123.37808030656397,17535.76904392458,132.42269081968007,-6.235818920759554
268,poly,0.001,0.1,10.0,123.37808030657983,17535.769043928653,132.42269081969545,-6.235818920761234
58,rbf,0.001,1,10.0,123.37837679133446,17535.92205364429,132.42326855067537,-6.235882057461581
496,sigmoid,0.001,10,10.0,123.38703483388639,17536.29034344137,132.42465912148452,-6.236034025605969
52,rbf,0.001,0.1,10.0,123.3846703717722,17537.274154513652,132.42837367616372,-6.236439977506535
538,sigmoid,0.01,100,10.0,123.46335562845987,17538.748902802934,132.43394165697453,-6.23704850579795
34,linear,100.0,None,10.0,125.00848418118453,17538.968636535188,132.43477125187022,-6.237139174960699
532,sigmoid,0.01,10,10.0,123.47072550322133,17540.337783276573,132.439940287198,-6.237704128677402
172,rbf,1.0,10,10.0,123.43119015328617,17540.68800773727,132.44126248166495,-6.237848642486455
484,sigmoid,0.001,0.1,10.0,123.40358576122716,17542.08813484037,132.44654821791457,-6.238426379690836
490,sigmoid,0.001,1,10.0,123.41229556340166,17543.387835229038,132.45145463613844,-6.238962677622228
514,sigmoid,0.01,0.01,10.0,123.40917672650654,17543.462599997547,132.4517368704448,-6.238993527955921
544,sigmoid,0.1,0.001,10.0,123.40924879139098,17543.48037278544,132.45180396199004,-6.239000861576397
223,rbf,100.0,0.01,0.01,125.24911939926018,17546.7578920265,132.46417588173227,-6.240353270796557
222,rbf,100.0,0.01,0.001,125.25475328390988,17548.49309136074,132.4707254126765,-6.2410692695156635
142,rbf,0.1,100,10.0,123.42978035795632,17549.484281913512,132.47446652813332,-6.2414782664257995
82,rbf,0.01,0.01,10.0,123.44703458092683,17552.78732634417,132.4869326625995,-6.2428412081552205
225,rbf,100.0,0.01,1.0,125.26289400076175,17555.62291140316,132.49763360680507,-6.244011261203358
112,rbf,0.1,0.001,10.0,123.46071261111072,17556.1980133207,132.49980382370646,-6.244248566640369
224,rbf,100.0,0.01,0.1,125.30154659373692,17558.690824168632,132.50921033712575,-6.245277180090636
178,rbf,1.0,100,10.0,123.45942316661181,17558.92617133657,132.51009837494112,-6.245374291856105
526,sigmoid,0.01,1,10.0,123.57501271776893,17572.89367734101,132.56279145122514,-6.2511377313704815
136,rbf,0.1,10,10.0,123.56194701906746,17582.449182904034,132.59882798465466,-6.2550806384524105
406,poly,10.0,0.01,10.0,123.57576709441685,17584.610870768487,132.60697896705318,-6.255972619973791
304,poly,0.01,0.1,10.0,123.57576709457524,17584.61087080926,132.60697896720694,-6.255972619990616
94,rbf,0.01,1,10.0,123.57873194212162,17586.099412319018,132.61259145465417,-6.256586839805763
88,rbf,0.01,0.1,10.0,123.64166774649885,17599.657323230513,132.66370009626036,-6.262181267290161
22,linear,1.0,None,10.0,125.17627846145992,17600.260471845442,132.66597330078818,-6.262430145691159
658,sigmoid,100.0,0.01,10.0,125.21673796573475,17611.587276744296,132.7086556210419,-6.267103947506957
555,sigmoid,0.1,0.1,1.0,123.90405629242449,17626.265451919306,132.76394635562514,-6.273160631840988
552,sigmoid,0.1,0.1,0.001,123.96217714801092,17640.647088885635,132.81809774607387,-6.279094955029883
553,sigmoid,0.1,0.1,0.01,123.96217714801095,17640.647088885642,132.8180977460739,-6.279094955029886
554,sigmoid,0.1,0.1,0.1,123.96217714801095,17640.647088885642,132.8180977460739,-6.279094955029886
520,sigmoid,0.01,0.1,10.0,123.83082164104836,17647.94316532226,132.84556133090132,-6.282105549420994
9,linear,0.01,None,1.0,124.01923049376124,17650.767458591574,132.85619089297862,-6.283270943115714
615,sigmoid,10.0,0.001,1.0,124.01923783200681,17650.76976134002,132.85619955929803,-6.283271893303341
585,sigmoid,1.0,0.01,1.0,124.01998096017871,17651.002161037253,132.8570741851455,-6.283367788848168
550,sigmoid,0.1,0.01,10.0,123.88673129384284,17661.74859335326,132.89751161460194,-6.287802110381945
580,sigmoid,1.0,0.001,10.0,123.8874519426866,17661.927184583932,132.89818352627674,-6.287875802833228
4,linear,0.001,None,10.0,123.8874592670991,17661.929000076136,132.89819035666414,-6.287876551963352
584,sigmoid,1.0,0.01,0.1,124.1375385312353,17679.50642219444,132.9643050679183,-6.295129558274238
614,sigmoid,10.0,0.001,0.1,124.13992772092183,17680.05009135902,132.966349469928,-6.29535389355248
8,linear,0.01,None,0.1,124.13995209487008,17680.055644665852,132.9663703523032,-6.295356185024418
33,linear,100.0,None,1.0,125.61324480072827,17687.66747093035,132.99499039787307,-6.298497067888936
27,linear,10.0,None,1.0,125.62984372368507,17690.99901325214,133.00751487510826,-6.299871768759307
130,rbf,0.1,1,10.0,124.05632204563658,17691.252577251405,133.00846806595212,-6.299976397371768
417,poly,10.0,1,1.0,113.60432441969301,17696.242513080262,133.02722470637454,-6.302035404421495
582,sigmoid,1.0,0.01,0.001,124.21333446382029,17698.9017155496,133.03721928674545,-6.303132676374243
583,sigmoid,1.0,0.01,0.01,124.21333446382029,17698.9017155496,133.03721928674545,-6.303132676374243
612,sigmoid,10.0,0.001,0.001,124.21673481264881,17699.70431076387,133.04023568366026,-6.3034638528183775
613,sigmoid,10.0,0.001,0.01,124.21673481264881,17699.70431076387,133.04023568366026,-6.3034638528183775
6,linear,0.01,None,0.001,124.21676942426528,17699.712485671607,133.040266407098,-6.303467226046658
7,linear,0.01,None,0.01,124.21676942426528,17699.71248567161,133.04026640709802,-6.30346722604666
340,poly,0.1,0.1,10.0,124.12559692692363,17708.203577880166,133.07217431860113,-6.306970922149561
442,poly,100.0,0.01,10.0,124.1255969350971,17708.20357997301,133.0721743264647,-6.306970923013136
118,rbf,0.1,0.01,10.0,124.10048947806537,17713.1010043414,133.09057443839288,-6.30899175687671
148,rbf,1.0,0.001,10.0,124.13073751025836,17719.848395751724,133.11592089510452,-6.311775946284674
150,rbf,1.0,0.01,0.001,124.50115466506588,17737.939447371995,133.1838558060698,-6.319240892548651
151,rbf,1.0,0.01,0.01,124.50115466506588,17737.939447371995,133.1838558060698,-6.319240892548651
152,rbf,1.0,0.01,0.1,124.58443635560806,17758.978454315802,133.2628172233943,-6.327922259424358
180,rbf,10.0,0.001,0.001,124.62074151591928,17762.662498550984,133.27663898279766,-6.329442413853576
181,rbf,10.0,0.001,0.01,124.62948252311355,17764.900503992165,133.28503480883427,-6.330365886446963
124,rbf,0.1,0.1,10.0,124.47326538793861,17773.955391841428,133.3189986155065,-6.334102222655598
20,linear,1.0,None,0.1,125.95848740616806,17787.00114478361,133.36791647462897,-6.339485317388321
182,rbf,10.0,0.001,0.1,124.71689259505595,17787.28946840392,133.36899740345925,-6.339604288931679
153,rbf,1.0,0.01,1.0,124.77957630583292,17809.11445545809,133.45079413573413,-6.3486099763284685
656,sigmoid,100.0,0.01,0.1,126.04871344237827,17813.33309981804,133.46659919177546,-6.350350723860169
24,linear,10.0,None,0.001,126.12688024448669,17819.92568304225,133.49129440919452,-6.3530710344613714
25,linear,10.0,None,0.01,126.13518816232407,17822.018105088777,133.49913147690802,-6.35393443469187
19,linear,1.0,None,0.01,126.11792464575183,17827.425924196425,133.51938407660674,-6.356165873742027
18,linear,1.0,None,0.001,126.12692182046726,17829.725582294348,133.5279955001735,-6.3571147861926045
26,linear,10.0,None,0.1,126.18467884322995,17836.13676797549,133.55200023951528,-6.359760246368313
21,linear,1.0,None,1.0,126.17505057238168,17841.64288829409,133.57261279279555,-6.3620322476407685
655,sigmoid,100.0,0.01,0.01,126.18748088317616,17848.593758386804,133.59862932824873,-6.364900398858239
30,linear,100.0,None,0.001,126.24658838599082,17848.90325534307,133.5997876321032,-6.365028107196918
657,sigmoid,100.0,0.01,1.0,126.20415577253976,17849.205328969696,133.60091814418678,-6.365152752432468
654,sigmoid,100.0,0.01,0.001,126.19653522380096,17850.902171939102,133.60726840984026,-6.365852924089201
31,linear,100.0,None,0.01,126.25505902459022,17851.026460567442,133.60773353577795,-6.365904209550724
32,linear,100.0,None,0.1,126.3123418293202,17866.799132257205,133.66674654624165,-6.372412518137467
315,poly,0.01,10,1.0,113.72320216518456,17875.601459879144,133.69966888470273,-6.376044639922032
556,sigmoid,0.1,0.1,10.0,124.99699598995771,17907.105307484468,133.81743274881813,-6.389044134612475
183,rbf,10.0,0.001,1.0,125.2637943183076,17926.036587298888,133.88814954019975,-6.396855785891199
190,rbf,10.0,0.01,10.0,126.19983892477802,17930.176973682606,133.90361075670293,-6.398564241680023
586,sigmoid,1.0,0.01,10.0,125.12455916185367,17934.530357577933,133.9198654329444,-6.400360587051601
616,sigmoid,10.0,0.001,10.0,125.12709673494884,17935.12702589563,133.9220931209471,-6.400606791474788
10,linear,0.01,None,10.0,125.12712273816882,17935.133150713547,133.92211598803817,-6.400609318770471
220,rbf,100.0,0.001,10.0,126.29034429681586,17944.282433788794,133.9562706027187,-6.404384605467132
274,poly,0.001,1,10.0,125.5460677791005,17945.441801326706,133.96059794330088,-6.4048629975779034
376,poly,1.0,0.1,10.0,125.54649262170095,17945.550577681897,133.96100394399073,-6.404907882179603
273,poly,0.001,1,1.0,125.58113471998989,17951.595870466164,133.9835656730562,-6.4074023632485755
375,poly,1.0,0.1,1.0,125.58126691164907,17951.630511753883,133.98369494738486,-6.40741665735136
164,rbf,1.0,1,0.1,125.62577165093985,17952.98330208767,133.98874319168632,-6.407974861891376
163,rbf,1.0,1,0.01,125.64621227595259,17958.096901474884,134.00782403081877,-6.41008489647877
162,rbf,1.0,1,0.001,125.65953760074804,17961.756251404273,134.02147682891825,-6.411594861247946
157,rbf,1.0,0.1,0.01,126.1658304346793,17965.852173295836,134.03675679937885,-6.41328496956579
156,rbf,1.0,0.1,0.001,126.16732311781146,17966.267934373183,134.03830771228493,-6.41345652587806
165,rbf,1.0,1,1.0,125.6705724875022,17967.11266831787,134.04145876674824,-6.413805090109526
158,rbf,1.0,0.1,0.1,126.17422578825457,17967.8107244613,134.04406262293492,-6.414093130390948
166,rbf,1.0,1,10.0,125.65174057446882,17974.69496984477,134.06973920256866,-6.416933790123413
159,rbf,1.0,0.1,1.0,126.41277960374345,18028.042187117175,134.2685450398461,-6.438946557464419
154,rbf,1.0,0.01,10.0,125.63278545507862,18030.118885167278,134.27627819226774,-6.439803469471301
271,poly,0.001,1,0.01,125.94212987418953,18045.10859171138,134.3320832553094,-6.445988701607785
373,poly,1.0,0.1,0.01,125.94254008899169,18045.214890549574,134.33247891165254,-6.446032563906766
270,poly,0.001,1,0.001,125.95016969604212,18047.175276297887,134.33977548104613,-6.44684148173946
372,poly,1.0,0.1,0.001,125.95018520052565,18047.179423398473,134.3397909161633,-6.446843192965742
272,poly,0.001,1,0.1,125.9677525874117,18051.23465143708,134.35488324373281,-6.448516509698887
374,poly,1.0,0.1,0.1,125.96787903455436,18051.267543661033,134.35500565167283,-6.448530082082044
184,rbf,10.0,0.001,10.0,125.83029127468309,18074.314489882814,134.4407471337571,-6.458039988897057
16,linear,0.1,None,10.0,126.66986880180815,18104.814287718065,134.5541314405398,-6.470625180553199
652,sigmoid,100.0,0.001,10.0,126.67057612965853,18104.990249724826,134.55478530964564,-6.47069778810264
622,sigmoid,10.0,0.01,10.0,126.72645502831034,18118.875518667985,134.60637250393455,-6.47642729397644
592,sigmoid,1.0,0.1,10.0,126.99979283080536,18199.952483119,134.9071995229276,-6.509882241514978
621,sigmoid,10.0,0.01,1.0,127.34833252811332,18278.14640969973,135.19669526175457,-6.542147555458386
651,sigmoid,100.0,0.001,1.0,127.35998728652083,18281.519839682576,135.20917069371654,-6.543539540516845
15,linear,0.1,None,1.0,127.36010171706977,18281.553130321172,135.20929380157702,-6.543553277298621
12,linear,0.1,None,0.001,127.48362806049809,18305.5130047366,135.2978677021061,-6.55343988747237
648,sigmoid,100.0,0.001,0.001,127.48369305243635,18305.530466917407,135.29793223444847,-6.553447092926431
13,linear,0.1,None,0.01,127.4923382532942,18307.76295922304,135.30618226534602,-6.55436829062384
649,sigmoid,100.0,0.001,0.01,127.49276706614752,18307.876400543057,135.30660146697593,-6.554415100139163
618,sigmoid,10.0,0.01,0.001,127.49867804055384,18309.62967327424,135.31308020023135,-6.555138556519649
619,sigmoid,10.0,0.01,0.01,127.507942487671,18312.030932558653,135.3219528848097,-6.556129392867932
650,sigmoid,100.0,0.001,0.1,127.58515128992913,18331.72604247387,135.39470463232257,-6.5642562248656615
14,linear,0.1,None,0.1,127.58561919362279,18331.84823201102,135.39515586612035,-6.564306644175052
620,sigmoid,10.0,0.01,0.1,127.59927458068132,18335.63117232823,135.4091251442392,-6.565867606289391
219,rbf,100.0,0.001,1.0,128.0108207303311,18361.582195584382,135.5049157616962,-6.57657582813125
216,rbf,100.0,0.001,0.001,128.11414275875885,18390.433920599753,135.6113340418114,-6.588480972253521
217,rbf,100.0,0.001,0.01,128.1162709958101,18390.968353695665,135.61330448630645,-6.588701496434559
218,rbf,100.0,0.001,0.1,128.12263323448866,18393.26851067988,135.6217847938888,-6.589650614741569
186,rbf,10.0,0.01,0.001,128.25435266178363,18446.174448970545,135.81669429407617,-6.611481296267154
187,rbf,10.0,0.01,0.01,128.2631209471437,18448.443672919497,135.8250480320898,-6.612417650614895
188,rbf,10.0,0.01,0.1,128.30119673148627,18457.7740069272,135.8593905732217,-6.616267644714433
189,rbf,10.0,0.01,1.0,128.29758839651726,18460.042409383743,135.86773866295025,-6.617203660088142
589,sigmoid,1.0,0.1,0.01,128.09527757521099,18475.477083958893,135.92452716106425,-6.623572500259731
588,sigmoid,1.0,0.1,0.001,128.0959301914037,18475.701929884548,135.92535425697645,-6.623665278876912
591,sigmoid,1.0,0.1,1.0,128.0974788609662,18477.18629870282,135.9308143825484,-6.624277776906155
590,sigmoid,1.0,0.1,0.1,128.19361073263937,18500.975224719925,136.0182900374796,-6.634093848305586
316,poly,0.01,10,10.0,113.15096325936169,18977.235190926473,137.75788612971118,-6.830613936249581
418,poly,10.0,1,10.0,113.14953034199056,18977.31812943043,137.75818715934975,-6.830648159327833
628,sigmoid,10.0,0.1,10.0,132.33391111182132,19352.66562972259,139.11385851065518,-6.985528537694516
626,sigmoid,10.0,0.1,0.1,132.89407182795188,19513.468209519186,139.69061603958653,-7.0518808229284655
625,sigmoid,10.0,0.1,0.01,132.94467566861368,19528.41053082288,139.7440894307265,-7.058046502399867
624,sigmoid,10.0,0.1,0.001,132.95024304886383,19530.058034696784,139.74998402395894,-7.058726315168439
627,sigmoid,10.0,0.1,1.0,133.14010752463878,19578.36661141592,139.9227165667388,-7.078659978333352
357,poly,0.1,100,1.0,133.69227089038444,20779.736777929684,144.1517838180634,-7.574383716478048
352,poly,0.1,10,10.0,111.59524497696053,21539.42839047136,146.76317109708197,-7.887856762923985
354,poly,0.1,100,0.001,112.1594151419813,22296.17881090013,149.31905039511915,-8.200116179475115
358,poly,0.1,100,10.0,137.19220717134746,24628.096475446524,156.93341414576605,-9.162339958569886
350,poly,0.1,10,0.1,113.78874161077594,25360.663238201723,159.25031628917327,-9.464620424820675
451,poly,100.0,1,0.01,108.87990818399214,25363.899073342956,159.2604755529223,-9.465955633848619
457,poly,100.0,10,0.01,124.18289648229508,25707.634849790826,160.33600609280134,-9.60779200433989
454,poly,100.0,1,10.0,112.950674399232,26733.340612946482,163.50333517377095,-10.03103099372115
460,poly,100.0,10,10.0,150.84540115920106,26778.886199932902,163.6425562008028,-10.049824558990396
452,poly,100.0,1,0.1,110.74317499921631,27663.073216097095,166.32219700357825,-10.41466838905141
351,poly,0.1,10,1.0,125.08626033525493,27864.497135188805,166.9266220085604,-10.497782337530465
450,poly,100.0,1,0.001,128.80457216032312,28020.254429831475,167.39251605084223,-10.562052776813664
453,poly,100.0,1,1.0,114.89181292246823,31388.318188626614,177.16748626265095,-11.951823559672933
459,poly,100.0,10,1.0,168.6635447412035,34367.7709965294,185.38546597975096,-13.181241040419371
355,poly,0.1,100,0.01,162.21003588001804,37161.22753996686,192.77247609543966,-14.33391051620306
348,poly,0.1,10,0.001,123.62297554405842,38903.67872427657,197.2401549489266,-15.052901580486967
663,sigmoid,100.0,0.1,1.0,169.79778306178284,44683.9925739633,211.385885465334,-17.438043869754427
664,sigmoid,100.0,0.1,10.0,182.9668367752326,50734.73583959968,225.24372541671318,-19.9347739815894
662,sigmoid,100.0,0.1,0.1,205.61002383904642,60511.510703458094,245.99087524430269,-23.96898385095482
458,poly,100.0,10,0.1,171.6814318333712,62234.18653795785,249.46780661632044,-24.679814973695184
661,sigmoid,100.0,0.1,0.01,210.25836190071868,65861.3295052263,256.6346225769748,-26.17649012065453
660,sigmoid,100.0,0.1,0.001,210.78218880047334,66219.56099526893,257.33161678128266,-26.324307885998582
356,poly,0.1,100,0.1,236.20616527812987,85609.40970760067,292.59085718388513,-34.32517935230955
391,poly,1.0,100,0.01,270.57088507893275,107612.26651280644,328.0430863664199,-43.4042614948193
394,poly,1.0,100,10.0,187.09031007083263,133314.70080056673,365.12285713245444,-54.009907581005
456,poly,100.0,10,0.001,182.9657393016071,135810.3097247483,368.5245035608193,-55.03967560698535
392,poly,1.0,100,0.1,308.21288263513986,154133.03540013955,392.5978036109468,-62.6002179926537
466,poly,100.0,100,10.0,152.97279378677356,169209.29774332666,411.3505776625659,-68.82116581900311
430,poly,10.0,100,10.0,152.97279378677356,169209.29774332666,411.3505776625659,-68.82116581900311
390,poly,1.0,100,0.001,203.20412146705772,183807.07074314388,428.7272684856235,-74.84467364511843
639,sigmoid,10.0,10,1.0,368.7370165165762,200250.22497045103,447.4932680727734,-81.62964476197618
640,sigmoid,10.0,10,10.0,368.8893793414531,200482.57257844036,447.7528029822263,-81.72551881311539
636,sigmoid,10.0,10,0.001,375.91254209100293,204502.1968773343,452.21919118645803,-83.38414430501295
637,sigmoid,10.0,10,0.01,375.91189448199515,204502.84374115392,452.2199063963836,-83.38441122170497
638,sigmoid,10.0,10,0.1,375.9054183919177,204509.32098375898,452.22706794679925,-83.3870839390793
642,sigmoid,10.0,100,0.001,388.502792263201,236936.8840403122,486.7616295891781,-96.76773315560308
643,sigmoid,10.0,100,0.01,388.50298736660915,236938.62456298684,486.76341744525837,-96.76845135090262
644,sigmoid,10.0,100,0.1,388.50493840069043,236956.035494685,486.7813015047774,-96.77563565794351
645,sigmoid,10.0,100,1.0,388.52444874150365,237130.71530683798,486.9606917471245,-96.84771413289863
646,sigmoid,10.0,100,10.0,391.0946105701204,238761.6877823865,488.6324669753193,-97.52070551800703
349,poly,0.1,10,0.01,157.12170075686893,272958.4176230881,522.4542253854285,-111.63136950939781
393,poly,1.0,100,1.0,350.29783406289425,429496.2946500107,655.359668159409,-176.22390203932216
385,poly,1.0,10,0.01,156.8293454775239,472229.36008854123,687.1894644772584,-193.85693100244615
285,poly,0.001,100,1.0,152.48429494774751,475539.0117750264,689.5933669743542,-195.22259909685403
284,poly,0.001,100,0.1,151.11616165884183,495936.8161692269,704.2278155321806,-203.63938530154252
283,poly,0.001,100,0.01,149.75679544034128,514825.336608599,717.5133006492625,-211.433392695117
428,poly,10.0,100,0.1,485.5158055449907,634319.8672966427,796.4420049800505,-260.74065626103356
464,poly,100.0,100,0.1,485.5158055449907,634319.8672966427,796.4420049800505,-260.74065626103356
634,sigmoid,10.0,1,10.0,737.500377321885,673303.8416083886,820.550937851142,-276.826690367936
631,sigmoid,10.0,1,0.01,738.7899648989882,677850.3529286712,823.3166783982158,-278.70272628927734
632,sigmoid,10.0,1,0.1,738.7970872011464,677863.2388348045,823.3245039683956,-278.70804342610654
630,sigmoid,10.0,1,0.001,738.8387725336972,677927.3125852364,823.3634146506853,-278.7344823039531
633,sigmoid,10.0,1,1.0,738.8685131931302,677993.3909063266,823.4035407419175,-278.76174833173894
286,poly,0.001,100,10.0,169.20210244237575,707469.349858876,841.1119722479737,-290.92447133305956
322,poly,0.01,100,10.0,161.3446485711884,707647.1491018662,841.2176585770571,-290.9978369849054
387,poly,1.0,10,1.0,158.03101595655653,714565.4615350631,845.3197392318856,-293.8525538712
424,poly,10.0,10,10.0,171.29398538986757,747521.7022850033,864.5933739539087,-307.4513524056812
282,poly,0.001,100,0.001,157.98051606979112,791239.0920568784,889.5162123631466,-325.49054505729464
319,poly,0.01,100,0.01,186.56591950581372,809610.6820323592,899.7836862448436,-333.0712504153568
384,poly,1.0,10,0.001,160.15512226847324,828917.3760408675,910.4489969464888,-341.03780959243954
386,poly,1.0,10,0.1,171.44601342549308,837978.88816623,915.4118680496938,-344.77687918916797
318,poly,0.01,100,0.001,207.89789231282936,840386.4129454222,916.7259202975675,-345.7703008809022
321,poly,0.01,100,1.0,220.85209384108973,866536.23073352,930.8792782813032,-356.56055170204246
320,poly,0.01,100,0.1,195.65258269001495,890695.0426039186,943.7664131573653,-366.52924982968256
423,poly,10.0,10,1.0,261.6663592255549,969104.311260649,984.4309580974427,-398.88342079806984
420,poly,10.0,10,0.001,196.50297441331537,996593.0664796865,998.2950798635073,-410.2261600086408
388,poly,1.0,10,10.0,178.24453630962478,1005860.202452409,1002.9258210119076,-414.0500765785222
421,poly,10.0,10,0.01,208.4093431896092,1049154.6378896532,1024.2824990644199,-431.91474474994465
422,poly,10.0,10,0.1,216.82356067220925,1080888.1158310454,1039.657691661561,-445.0089922582616
427,poly,10.0,100,0.01,412.6188413451386,1183478.6631513578,1087.8780552761223,-487.3411318714131
463,poly,100.0,100,0.01,412.6188413451386,1183478.6631513578,1087.8780552761223,-487.3411318714131
429,poly,10.0,100,1.0,425.2556383127631,1398771.9576752447,1182.6969001714872,-576.1780280535239
465,poly,100.0,100,1.0,425.2556383127631,1398771.9576752447,1182.6969001714872,-576.1780280535239
462,poly,100.0,100,0.001,406.3732409889361,2041253.0328578537,1428.724267610043,-841.2862595996565
426,poly,10.0,100,0.001,406.3732409889361,2041253.0328578537,1428.724267610043,-841.2862595996565
672,sigmoid,100.0,10,0.001,3929.1175468676797,22671477.88580403,4761.457537960832,-9353.976575978459
673,sigmoid,100.0,10,0.01,3929.1181296014934,22671495.909292243,4761.45943060447,-9353.9840130459
674,sigmoid,100.0,10,0.1,3929.1239569396234,22671676.15308439,4761.478357935106,-9354.058387396879
675,sigmoid,100.0,10,1.0,3929.1822303209183,22673479.48200586,4761.667720663198,-9354.802498561758
676,sigmoid,100.0,10,10.0,3929.764964133868,22691601.87122059,4763.570286163582,-9362.280375719061
681,sigmoid,100.0,100,1.0,4003.8115654597445,23050711.468476273,4801.115648313033,-9510.460476172044
680,sigmoid,100.0,100,0.1,4003.8180402798885,23050794.18595233,4801.124262706843,-9510.494608047115
679,sigmoid,100.0,100,0.01,4003.8186877619028,23050802.475007124,4801.125125947784,-9510.498028376123
678,sigmoid,100.0,100,0.001,4003.818752510104,23050803.304085676,4801.125212289893,-9510.498370480438
682,sigmoid,100.0,100,10.0,4003.870884953272,23056374.606516853,4801.705385226884,-9512.797267976397
670,sigmoid,100.0,1,10.0,5903.762327237473,45563212.218981266,6750.052756755406,-18799.83800367515
669,sigmoid,100.0,1,1.0,5907.949285649346,45644280.06479464,6756.055066737884,-18833.289188572275
668,sigmoid,100.0,1,0.1,5908.044292542182,45646532.80504238,6756.221784773083,-18834.21874121792
667,sigmoid,100.0,1,0.01,5908.0537932314655,45646758.14956225,6756.238461567372,-18834.311725571013
666,sigmoid,100.0,1,0.001,5908.054743300393,45646780.684719175,6756.240129296706,-18834.321024297205
