,kernel,C,gamma,epsilon,MAE,MAPE,RMSE,R2
232,rbf,100.0,0.1,10.0,96.74804206133952,52.190118890178894,104.09588260127616,-3.4712605369097664
341,poly,0.1,0.1,100.0,99.5179856115108,51.74427003917202,109.14297599311233,-3.9153500965706396
257,poly,0.001,0.001,100.0,99.5179856115108,51.74427003917202,109.14297599311233,-3.9153500965706396
263,poly,0.001,0.01,100.0,99.5179856115108,51.74427003917202,109.14297599311233,-3.9153500965706396
269,poly,0.001,0.1,100.0,99.5179856115108,51.74427003917202,109.14297599311233,-3.9153500965706396
275,poly,0.001,1,100.0,99.5179856115108,51.74427003917202,109.14297599311233,-3.9153500965706396
281,poly,0.001,10,100.0,99.5179856115108,51.74427003917202,109.14297599311233,-3.9153500965706396
287,poly,0.001,100,100.0,99.5179856115108,51.74427003917202,109.14297599311233,-3.9153500965706396
293,poly,0.01,0.001,100.0,99.5179856115108,51.74427003917202,109.14297599311233,-3.9153500965706396
299,poly,0.01,0.01,100.0,99.5179856115108,51.74427003917202,109.14297599311233,-3.9153500965706396
305,poly,0.01,0.1,100.0,99.5179856115108,51.74427003917202,109.14297599311233,-3.9153500965706396
311,poly,0.01,1,100.0,99.5179856115108,51.74427003917202,109.14297599311233,-3.9153500965706396
317,poly,0.01,10,100.0,99.5179856115108,51.74427003917202,109.14297599311233,-3.9153500965706396
323,poly,0.01,100,100.0,99.5179856115108,51.74427003917202,109.14297599311233,-3.9153500965706396
329,poly,0.1,0.001,100.0,99.5179856115108,51.74427003917202,109.14297599311233,-3.9153500965706396
335,poly,0.1,0.01,100.0,99.5179856115108,51.74427003917202,109.14297599311233,-3.9153500965706396
347,poly,0.1,1,100.0,99.5179856115108,51.74427003917202,109.14297599311233,-3.9153500965706396
353,poly,0.1,10,100.0,99.5179856115108,51.74427003917202,109.14297599311233,-3.9153500965706396
359,poly,0.1,100,100.0,99.5179856115108,51.74427003917202,109.14297599311233,-3.9153500965706396
365,poly,1.0,0.001,100.0,99.5179856115108,51.74427003917202,109.14297599311233,-3.9153500965706396
371,poly,1.0,0.01,100.0,99.5179856115108,51.74427003917202,109.14297599311233,-3.9153500965706396
377,poly,1.0,0.1,100.0,99.5179856115108,51.74427003917202,109.14297599311233,-3.9153500965706396
251,rbf,100.0,100,100.0,99.5179856115108,51.74427003917202,109.14297599311233,-3.9153500965706396
245,rbf,100.0,10,100.0,99.5179856115108,51.74427003917202,109.14297599311233,-3.9153500965706396
239,rbf,100.0,1,100.0,99.5179856115108,51.74427003917202,109.14297599311233,-3.9153500965706396
233,rbf,100.0,0.1,100.0,99.5179856115108,51.74427003917202,109.14297599311233,-3.9153500965706396
113,rbf,0.1,0.001,100.0,99.5179856115108,51.74427003917202,109.14297599311233,-3.9153500965706396
119,rbf,0.1,0.01,100.0,99.5179856115108,51.74427003917202,109.14297599311233,-3.9153500965706396
125,rbf,0.1,0.1,100.0,99.5179856115108,51.74427003917202,109.14297599311233,-3.9153500965706396
131,rbf,0.1,1,100.0,99.5179856115108,51.74427003917202,109.14297599311233,-3.9153500965706396
137,rbf,0.1,10,100.0,99.5179856115108,51.74427003917202,109.14297599311233,-3.9153500965706396
143,rbf,0.1,100,100.0,99.5179856115108,51.74427003917202,109.14297599311233,-3.9153500965706396
149,rbf,1.0,0.001,100.0,99.5179856115108,51.74427003917202,109.14297599311233,-3.9153500965706396
155,rbf,1.0,0.01,100.0,99.5179856115108,51.74427003917202,109.14297599311233,-3.9153500965706396
161,rbf,1.0,0.1,100.0,99.5179856115108,51.74427003917202,109.14297599311233,-3.9153500965706396
383,poly,1.0,1,100.0,99.5179856115108,51.74427003917202,109.14297599311233,-3.9153500965706396
167,rbf,1.0,1,100.0,99.5179856115108,51.74427003917202,109.14297599311233,-3.9153500965706396
179,rbf,1.0,100,100.0,99.5179856115108,51.74427003917202,109.14297599311233,-3.9153500965706396
185,rbf,10.0,0.001,100.0,99.5179856115108,51.74427003917202,109.14297599311233,-3.9153500965706396
191,rbf,10.0,0.01,100.0,99.5179856115108,51.74427003917202,109.14297599311233,-3.9153500965706396
197,rbf,10.0,0.1,100.0,99.5179856115108,51.74427003917202,109.14297599311233,-3.9153500965706396
203,rbf,10.0,1,100.0,99.5179856115108,51.74427003917202,109.14297599311233,-3.9153500965706396
209,rbf,10.0,10,100.0,99.5179856115108,51.74427003917202,109.14297599311233,-3.9153500965706396
215,rbf,10.0,100,100.0,99.5179856115108,51.74427003917202,109.14297599311233,-3.9153500965706396
221,rbf,100.0,0.001,100.0,99.5179856115108,51.74427003917202,109.14297599311233,-3.9153500965706396
227,rbf,100.0,0.01,100.0,99.5179856115108,51.74427003917202,109.14297599311233,-3.9153500965706396
173,rbf,1.0,10,100.0,99.5179856115108,51.74427003917202,109.14297599311233,-3.9153500965706396
389,poly,1.0,10,100.0,99.5179856115108,51.74427003917202,109.14297599311233,-3.9153500965706396
395,poly,1.0,100,100.0,99.5179856115108,51.74427003917202,109.14297599311233,-3.9153500965706396
401,poly,10.0,0.001,100.0,99.5179856115108,51.74427003917202,109.14297599311233,-3.9153500965706396
557,sigmoid,0.1,0.1,100.0,99.5179856115108,51.74427003917202,109.14297599311233,-3.9153500965706396
563,sigmoid,0.1,1,100.0,99.5179856115108,51.74427003917202,109.14297599311233,-3.9153500965706396
569,sigmoid,0.1,10,100.0,99.5179856115108,51.74427003917202,109.14297599311233,-3.9153500965706396
575,sigmoid,0.1,100,100.0,99.5179856115108,51.74427003917202,109.14297599311233,-3.9153500965706396
581,sigmoid,1.0,0.001,100.0,99.5179856115108,51.74427003917202,109.14297599311233,-3.9153500965706396
587,sigmoid,1.0,0.01,100.0,99.5179856115108,51.74427003917202,109.14297599311233,-3.9153500965706396
593,sigmoid,1.0,0.1,100.0,99.5179856115108,51.74427003917202,109.14297599311233,-3.9153500965706396
599,sigmoid,1.0,1,100.0,99.5179856115108,51.74427003917202,109.14297599311233,-3.9153500965706396
605,sigmoid,1.0,10,100.0,99.5179856115108,51.74427003917202,109.14297599311233,-3.9153500965706396
611,sigmoid,1.0,100,100.0,99.5179856115108,51.74427003917202,109.14297599311233,-3.9153500965706396
617,sigmoid,10.0,0.001,100.0,99.5179856115108,51.74427003917202,109.14297599311233,-3.9153500965706396
623,sigmoid,10.0,0.01,100.0,99.5179856115108,51.74427003917202,109.14297599311233,-3.9153500965706396
629,sigmoid,10.0,0.1,100.0,99.5179856115108,51.74427003917202,109.14297599311233,-3.9153500965706396
635,sigmoid,10.0,1,100.0,99.5179856115108,51.74427003917202,109.14297599311233,-3.9153500965706396
641,sigmoid,10.0,10,100.0,99.5179856115108,51.74427003917202,109.14297599311233,-3.9153500965706396
647,sigmoid,10.0,100,100.0,99.5179856115108,51.74427003917202,109.14297599311233,-3.9153500965706396
653,sigmoid,100.0,0.001,100.0,99.5179856115108,51.74427003917202,109.14297599311233,-3.9153500965706396
659,sigmoid,100.0,0.01,100.0,99.5179856115108,51.74427003917202,109.14297599311233,-3.9153500965706396
665,sigmoid,100.0,0.1,100.0,99.5179856115108,51.74427003917202,109.14297599311233,-3.9153500965706396
671,sigmoid,100.0,1,100.0,99.5179856115108,51.74427003917202,109.14297599311233,-3.9153500965706396
677,sigmoid,100.0,10,100.0,99.5179856115108,51.74427003917202,109.14297599311233,-3.9153500965706396
551,sigmoid,0.1,0.01,100.0,99.5179856115108,51.74427003917202,109.14297599311233,-3.9153500965706396
107,rbf,0.01,100,100.0,99.5179856115108,51.74427003917202,109.14297599311233,-3.9153500965706396
545,sigmoid,0.1,0.001,100.0,99.5179856115108,51.74427003917202,109.14297599311233,-3.9153500965706396
533,sigmoid,0.01,10,100.0,99.5179856115108,51.74427003917202,109.14297599311233,-3.9153500965706396
407,poly,10.0,0.01,100.0,99.5179856115108,51.74427003917202,109.14297599311233,-3.9153500965706396
413,poly,10.0,0.1,100.0,99.5179856115108,51.74427003917202,109.14297599311233,-3.9153500965706396
419,poly,10.0,1,100.0,99.5179856115108,51.74427003917202,109.14297599311233,-3.9153500965706396
425,poly,10.0,10,100.0,99.5179856115108,51.74427003917202,109.14297599311233,-3.9153500965706396
431,poly,10.0,100,100.0,99.5179856115108,51.74427003917202,109.14297599311233,-3.9153500965706396
437,poly,100.0,0.001,100.0,99.5179856115108,51.74427003917202,109.14297599311233,-3.9153500965706396
443,poly,100.0,0.01,100.0,99.5179856115108,51.74427003917202,109.14297599311233,-3.9153500965706396
449,poly,100.0,0.1,100.0,99.5179856115108,51.74427003917202,109.14297599311233,-3.9153500965706396
455,poly,100.0,1,100.0,99.5179856115108,51.74427003917202,109.14297599311233,-3.9153500965706396
461,poly,100.0,10,100.0,99.5179856115108,51.74427003917202,109.14297599311233,-3.9153500965706396
467,poly,100.0,100,100.0,99.5179856115108,51.74427003917202,109.14297599311233,-3.9153500965706396
473,sigmoid,0.001,0.001,100.0,99.5179856115108,51.74427003917202,109.14297599311233,-3.9153500965706396
479,sigmoid,0.001,0.01,100.0,99.5179856115108,51.74427003917202,109.14297599311233,-3.9153500965706396
485,sigmoid,0.001,0.1,100.0,99.5179856115108,51.74427003917202,109.14297599311233,-3.9153500965706396
491,sigmoid,0.001,1,100.0,99.5179856115108,51.74427003917202,109.14297599311233,-3.9153500965706396
497,sigmoid,0.001,10,100.0,99.5179856115108,51.74427003917202,109.14297599311233,-3.9153500965706396
503,sigmoid,0.001,100,100.0,99.5179856115108,51.74427003917202,109.14297599311233,-3.9153500965706396
509,sigmoid,0.01,0.001,100.0,99.5179856115108,51.74427003917202,109.14297599311233,-3.9153500965706396
515,sigmoid,0.01,0.01,100.0,99.5179856115108,51.74427003917202,109.14297599311233,-3.9153500965706396
521,sigmoid,0.01,0.1,100.0,99.5179856115108,51.74427003917202,109.14297599311233,-3.9153500965706396
527,sigmoid,0.01,1,100.0,99.5179856115108,51.74427003917202,109.14297599311233,-3.9153500965706396
539,sigmoid,0.01,100,100.0,99.5179856115108,51.74427003917202,109.14297599311233,-3.9153500965706396
101,rbf,0.01,10,100.0,99.5179856115108,51.74427003917202,109.14297599311233,-3.9153500965706396
683,sigmoid,100.0,100,100.0,99.5179856115108,51.74427003917202,109.14297599311233,-3.9153500965706396
89,rbf,0.01,0.1,100.0,99.5179856115108,51.74427003917202,109.14297599311233,-3.9153500965706396
77,rbf,0.01,0.001,100.0,99.5179856115108,51.74427003917202,109.14297599311233,-3.9153500965706396
29,linear,10.0,None,100.0,99.5179856115108,11912.189208633094,109.14297599311233,-3.9153500965706396
35,linear,100.0,None,100.0,99.5179856115108,11912.189208633094,109.14297599311233,-3.9153500965706396
59,rbf,0.001,1,100.0,99.5179856115108,51.74427003917202,109.14297599311233,-3.9153500965706396
23,linear,1.0,None,100.0,99.5179856115108,11912.189208633094,109.14297599311233,-3.9153500965706396
83,rbf,0.01,0.01,100.0,99.5179856115108,51.74427003917202,109.14297599311233,-3.9153500965706396
65,rbf,0.001,10,100.0,99.5179856115108,51.74427003917202,109.14297599311233,-3.9153500965706396
17,linear,0.1,None,100.0,99.5179856115108,11912.189208633094,109.14297599311233,-3.9153500965706396
53,rbf,0.001,0.1,100.0,99.5179856115108,51.74427003917202,109.14297599311233,-3.9153500965706396
41,rbf,0.001,0.001,100.0,99.5179856115108,51.74427003917202,109.14297599311233,-3.9153500965706396
11,linear,0.01,None,100.0,99.5179856115108,11912.189208633094,109.14297599311233,-3.9153500965706396
5,linear,0.001,None,100.0,99.5179856115108,11912.189208633094,109.14297599311233,-3.9153500965706396
95,rbf,0.01,1,100.0,99.5179856115108,51.74427003917202,109.14297599311233,-3.9153500965706396
71,rbf,0.001,100,100.0,99.5179856115108,51.74427003917202,109.14297599311233,-3.9153500965706396
47,rbf,0.001,0.01,100.0,99.5179856115108,51.74427003917202,109.14297599311233,-3.9153500965706396
231,rbf,100.0,0.1,1.0,102.59176170772089,55.0231768278176,109.63301881300804,-3.959588207225729
230,rbf,100.0,0.1,0.1,103.65961270501666,55.51971393439308,110.64484169664226,-4.051556520178593
229,rbf,100.0,0.1,0.01,103.72756448301821,55.55398895308138,110.70356865819858,-4.056920372497478
228,rbf,100.0,0.1,0.001,103.73463698482848,55.55764439874127,110.70964994943512,-4.057475972476522
598,sigmoid,1.0,1,10.0,103.79309245835536,55.01140966777092,113.86143171014012,-4.349536484153825
382,poly,1.0,1,10.0,107.84278520831214,58.09462378554782,115.35514546504879,-4.490815049559887
280,poly,0.001,10,10.0,107.84311587665417,58.094762757743425,115.35546494755133,-4.49084546383842
238,rbf,100.0,1,10.0,108.7024858018145,57.6730603693668,115.99985770452427,-4.55236216222769
237,rbf,100.0,1,1.0,109.14520852003285,58.03795768660515,116.08088812462636,-4.5601219541340905
378,poly,1.0,1,0.001,108.11609398314347,58.297386981788726,116.11490406775717,-4.563381069508875
276,poly,0.001,10,0.001,108.11683443031382,58.2976807547525,116.11520871861238,-4.56341026285038
277,poly,0.001,10,0.01,108.13419178967798,58.30634696598226,116.13436317218954,-4.565245903060356
379,poly,1.0,1,0.01,108.13481639763867,58.30674995056601,116.13539603693044,-4.565344894808739
380,poly,1.0,1,0.1,108.42553397393299,58.44286872107821,116.42979457610589,-4.593596506965112
278,poly,0.001,10,0.1,108.42587346424709,58.442991170414174,116.42992488267718,-4.5936090275195385
235,rbf,100.0,1,0.01,109.61576731103256,58.27533213012459,116.5391139885782,-4.604105427958619
234,rbf,100.0,1,0.001,109.6301509138143,58.28251520756521,116.55387407034354,-4.605525076516217
236,rbf,100.0,1,0.1,109.62877743160291,58.280343250538394,116.55787155464309,-4.60590959196763
279,poly,0.001,10,1.0,108.78899982619411,58.59493765077911,116.65487043581966,-4.615243894511452
381,poly,1.0,1,1.0,108.78946371113233,58.595142992041275,116.65539808314604,-4.615294691792656
594,sigmoid,1.0,1,0.001,106.55469346453783,56.29953187706752,116.85635851944804,-4.634658117286614
595,sigmoid,1.0,1,0.01,106.56327895347839,56.30379017708247,116.86441835087194,-4.63543541278505
596,sigmoid,1.0,1,0.1,106.98470319905587,56.504893140078295,117.08100032336978,-4.65634279806947
597,sigmoid,1.0,1,1.0,106.94481225933337,56.49259228960619,117.16413794776773,-4.664378634157562
346,poly,0.1,1,10.0,110.53809873376996,58.23973311869083,117.89492102443532,-4.735259391245042
448,poly,100.0,0.1,10.0,110.53843402818521,58.23991512725456,117.89523177912056,-4.735289625983914
447,poly,100.0,0.1,1.0,111.04300024001522,58.6118453831725,118.74246588373116,-4.818017189519681
345,poly,0.1,1,1.0,111.04304916362842,58.61187622180294,118.74251162010066,-4.818021671404627
446,poly,100.0,0.1,0.1,111.41077879437606,58.78887897198862,119.19653837806334,-4.862598590061504
344,poly,0.1,1,0.1,111.41077024660787,58.78888419059931,119.19654431597377,-4.862599174165482
343,poly,0.1,1,0.01,111.48769171982566,58.82931092974376,119.25798414848028,-4.868644482695892
445,poly,100.0,0.1,0.01,111.48786590951542,58.82939841919056,119.25814852642505,-4.868660660671569
342,poly,0.1,1,0.001,111.48982344934392,58.83055094353242,119.25946114677872,-4.868789848755079
444,poly,100.0,0.1,0.001,111.48995521010687,58.830615343230406,119.25958721504175,-4.868802256467243
196,rbf,10.0,0.1,10.0,112.89340468077764,59.51475818677964,120.28234882978595,-4.969894735930225
195,rbf,10.0,0.1,1.0,114.02396266567774,60.191350709514055,121.25240015276144,-5.066574861478915
193,rbf,10.0,0.1,0.01,114.33897859103367,60.36028253957893,121.55688223496927,-5.097081186941486
194,rbf,10.0,0.1,0.1,114.34359030413727,60.36198925581593,121.55985664697803,-5.097379573228558
192,rbf,10.0,0.1,0.001,114.34602833236814,60.36394476746334,121.56345027116102,-5.097740087220179
604,sigmoid,1.0,10,10.0,99.77267510027076,56.764216410766075,122.59393798521818,-5.201558781372007
610,sigmoid,1.0,100,10.0,100.95720019978776,57.143520639618586,123.79584201138476,-5.323754320756037
603,sigmoid,1.0,10,1.0,100.71144387232718,57.29186605925774,123.82979589573769,-5.327223669400092
600,sigmoid,1.0,10,0.001,101.4959054214097,57.669880661966864,124.43418213765571,-5.389137995834715
601,sigmoid,1.0,10,0.01,101.50147185072922,57.67248814039155,124.43982003957579,-5.389716970981066
602,sigmoid,1.0,10,0.1,101.55713614392437,57.698595322965396,124.49621637803676,-5.3955099446123755
250,rbf,100.0,100,10.0,115.75677792517656,60.36213589623103,125.48680454113405,-5.497690090665717
412,poly,10.0,0.1,10.0,117.60746672727025,61.686030974126346,125.61641581689274,-5.511119531830571
310,poly,0.01,1,10.0,117.60761887449529,61.68611033227053,125.61656404347343,-5.511134897999837
608,sigmoid,1.0,100,0.1,102.82641899892806,58.250143308351724,126.30135188605263,-5.582318173674966
607,sigmoid,1.0,100,0.01,102.85225905662233,58.26025521122661,126.32890263465555,-5.5851901551648195
606,sigmoid,1.0,100,0.001,102.85585185014557,58.26166140517264,126.33273509338399,-5.585589713013874
249,rbf,100.0,100,1.0,116.81231755378415,60.99131449520952,126.62595376608115,-5.6161955385334075
248,rbf,100.0,100,0.1,116.91738172097224,61.047551937565416,126.72979552173427,-5.627051434158736
247,rbf,100.0,100,0.01,116.92839941518558,61.053534820489105,126.74039396314964,-5.628159924124115
246,rbf,100.0,100,0.001,116.92949586675924,61.05413946806741,126.74145877895695,-5.628271298231265
408,poly,10.0,0.1,0.001,119.11115952389673,62.52142062147106,127.22860351208305,-5.679322199060215
306,poly,0.01,1,0.001,119.11137118286787,62.52153222937451,127.22880730704169,-5.67934359697301
307,poly,0.01,1,0.01,119.12329292919367,62.527784668605555,127.24013470061422,-5.6805329961881545
409,poly,10.0,0.1,0.01,119.12359186916287,62.5279430299615,127.2404171074647,-5.680562650831024
244,rbf,100.0,10,10.0,117.31002918170974,61.48548627239724,127.36502500068136,-5.693653749875381
308,poly,0.01,1,0.1,119.26552980676794,62.60235646558014,127.36693261893392,-5.693854260677987
410,poly,10.0,0.1,0.1,119.26565284252685,62.602420558454575,127.36708819938202,-5.693870613956817
411,poly,10.0,0.1,1.0,119.37469625159748,62.657409598158885,127.48964560516171,-5.706759000282903
309,poly,0.01,1,1.0,119.37476226598226,62.65744438970467,127.48971880626893,-5.706766701964452
609,sigmoid,1.0,100,1.0,104.73685102785252,59.18167324871328,128.28013400624914,-5.7901861880223775
201,rbf,10.0,1,1.0,121.13177205318024,63.60127491655114,128.61310070735612,-5.825481444621238
200,rbf,10.0,1,0.1,121.34858484253215,63.714035321806925,128.82838419797477,-5.84835070563374
198,rbf,10.0,1,0.001,121.35779009582804,63.71935703626358,128.8375616016696,-5.8493264582693065
199,rbf,10.0,1,0.01,121.35857326913103,63.71990343280336,128.83820653968647,-5.849395031471474
568,sigmoid,0.1,10,10.0,121.27808528036326,63.442746294325794,129.77207379300515,-5.9490488179378636
574,sigmoid,0.1,100,10.0,121.3699385958107,63.48485494693226,129.8719139655473,-5.959745435446864
565,sigmoid,0.1,10,0.01,121.33889558328818,63.46383906156382,129.8895023999435,-5.9616306669996195
564,sigmoid,0.1,10,0.001,121.34219705153635,63.46565478963343,129.89267061316121,-5.961970281808796
566,sigmoid,0.1,10,0.1,121.35270727001803,63.47138613505119,129.90317625438595,-5.963096487304624
570,sigmoid,0.1,100,0.001,121.42751961940614,63.502762354214795,129.99084249441168,-5.972497865807581
571,sigmoid,0.1,100,0.01,121.43276571838392,63.50564111577541,129.9962064156969,-5.973073301747965
572,sigmoid,0.1,100,0.1,121.48446667756636,63.53402097890558,130.04907597297503,-5.978746363698342
567,sigmoid,0.1,10,1.0,121.53232232321173,63.57023972656085,130.07760480068686,-5.981808550629241
208,rbf,10.0,10,10.0,121.06722931954474,63.23805872115565,130.14140744655475,-5.988659339540644
226,rbf,100.0,0.01,10.0,122.62738820175166,64.47631946135097,130.1661797569011,-5.991320163925208
573,sigmoid,0.1,100,1.0,121.75354754289229,63.68273267060388,130.30513321794777,-6.006254713913009
214,rbf,10.0,100,10.0,121.1894913166539,63.2534366217789,130.35851848535103,-6.0119967348341214
202,rbf,10.0,1,10.0,122.84496906964351,64.52230366902538,130.4294713217115,-6.019631931375692
204,rbf,10.0,10,0.001,121.48589040546516,63.51706256259869,130.5788829364365,-6.0357236207500895
205,rbf,10.0,10,0.01,121.48644034601531,63.517343700864394,130.57923951957028,-6.035762046929673
206,rbf,10.0,10,0.1,121.49402938446988,63.52125814019081,130.584817437722,-6.0363631492669825
243,rbf,100.0,10,1.0,120.99751856283855,63.49851703881999,130.612215037606,-6.039316014526804
207,rbf,10.0,10,1.0,121.56387623356397,63.55156058994665,130.63247952137908,-6.041500483583314
242,rbf,100.0,10,0.1,121.28155733095745,63.649732629584065,130.8758908763765,-6.06776620304399
241,rbf,100.0,10,0.01,121.28710395311901,63.65302389168315,130.8839678735716,-6.068638603437292
240,rbf,100.0,10,0.001,121.28759847926804,63.653313974710336,130.88483219177573,-6.068731962055546
414,poly,10.0,1,0.001,112.51327562710627,61.57223313430891,131.09839983317332,-6.091819191552286
312,poly,0.01,10,0.001,112.51845403289471,61.57533924627864,131.10835436329003,-6.0928962208378135
415,poly,10.0,1,0.01,112.526255547894,61.57785232176908,131.11380535680917,-6.09348602512996
313,poly,0.01,10,0.01,112.53157397740688,61.58106674976725,131.12399651795988,-6.094588787245713
168,rbf,1.0,10,0.001,122.1851385776054,63.80684918758307,131.24863328883342,-6.108082379728096
169,rbf,1.0,10,0.01,122.18771309863048,63.8082575718045,131.25107681559385,-6.108347052216594
416,poly,10.0,1,0.1,112.65820711769061,61.635534753013445,131.27427212683017,-6.110859715662379
170,rbf,1.0,10,0.1,122.21795586236667,63.82479583831744,131.27986437598076,-6.111465570039854
314,poly,0.01,10,0.1,112.66271243860047,61.63822236224511,131.2800188228611,-6.111482302907812
558,sigmoid,0.1,1,0.001,122.66956986543434,64.141489353343,131.2901286336949,-6.112577648716005
559,sigmoid,0.1,1,0.01,122.6813340013706,64.1480367233452,131.3015271951751,-6.113812725165792
210,rbf,10.0,100,0.001,122.22467744077753,63.869679891746536,131.38748911288837,-6.123130471493412
211,rbf,10.0,100,0.01,122.22499772856,63.869857291474084,131.3878283240373,-6.1231672519876055
212,rbf,10.0,100,0.1,122.22844981389298,63.871196783171925,131.39113124789114,-6.123525391322956
213,rbf,10.0,100,1.0,122.28357628036156,63.89483981131306,131.44221399539907,-6.129065491063373
560,sigmoid,0.1,1,0.1,122.8285824039957,64.22943507470245,131.4456159254098,-6.129434518561505
255,poly,0.001,0.001,1.0,122.39928059105588,63.87926468519648,131.474456597312,-6.132563420773818
291,poly,0.01,0.001,1.0,122.39928073070334,63.879264763204226,131.47445672551163,-6.132563434683623
327,poly,0.1,0.001,1.0,122.39928212717754,63.87926554328135,131.4744580075075,-6.13256357378162
261,poly,0.001,0.01,1.0,122.3992960919192,63.8792733440524,131.47447082746686,-6.1325649647617535
363,poly,1.0,0.001,1.0,122.3992960919192,63.879273344052415,131.4744708274669,-6.132564964761756
297,poly,0.01,0.01,1.0,122.39943573933563,63.87935135176289,131.4745990271839,-6.132578874583947
399,poly,10.0,0.001,1.0,122.39943573933627,63.87935135176326,131.47459902718452,-6.132578874584014
471,sigmoid,0.001,0.001,1.0,122.39970195334925,63.87950198595122,131.4748452113546,-6.132605585898102
39,rbf,0.001,0.001,1.0,122.40011217460344,63.879733034430075,131.47522352123477,-6.1326466331272105
69,rbf,0.001,100,1.0,122.40042642648106,63.87990785592726,131.47557305819072,-6.1326845585528424
333,poly,0.1,0.01,1.0,122.40083221350005,63.88013142886796,131.4758810366936,-6.132717974890704
435,poly,100.0,0.001,1.0,122.40083221350645,63.880131428871515,131.47588103669983,-6.132717974891379
63,rbf,0.001,10,1.0,122.40168811737995,63.88065232641706,131.47676047475343,-6.132813396265132
477,sigmoid,0.001,0.01,1.0,122.4034894184805,63.88163501192056,131.47833836768834,-6.132984603455813
507,sigmoid,0.01,0.001,1.0,122.40349435363703,63.88163777075152,131.47834288780038,-6.132985093907556
45,rbf,0.001,0.01,1.0,122.40666990618314,63.8834282595505,131.48126846153602,-6.133302534872519
75,rbf,0.01,0.001,1.0,122.40759656617882,63.88394825554005,131.48212604994086,-6.133395589306267
105,rbf,0.01,100,1.0,122.41119755578579,63.88595045543588,131.48606572391287,-6.13382307971605
369,poly,1.0,0.01,1.0,122.41479695514428,63.88793219991863,131.48870236557525,-6.134109186439662
267,poly,0.001,0.1,1.0,122.41479695515915,63.887932199926865,131.4887023655896,-6.13410918644122
57,rbf,0.001,1,1.0,122.41490603749064,63.888199240322095,131.4889811446168,-6.134139437589665
561,sigmoid,0.1,1,1.0,122.88220706313493,64.25843463399883,131.49530496827126,-6.134825671891843
99,rbf,0.01,10,1.0,122.4233559939059,63.89314117538962,131.49749625087563,-6.135063468209397
530,sigmoid,0.01,10,0.1,122.50065763500622,63.94943229831691,131.49763806265668,-6.135078857652281
528,sigmoid,0.01,10,0.001,122.50065763500622,63.94943229831691,131.49763806265668,-6.135078857652281
529,sigmoid,0.01,10,0.01,122.50065763500622,63.94943229831691,131.49763806265668,-6.135078857652281
51,rbf,0.001,0.1,1.0,122.4303645049001,63.89683848252628,131.50300538563752,-6.135661332818439
483,sigmoid,0.001,0.1,1.0,122.43754567453544,63.900814753645584,131.50979075854497,-6.136397732296099
513,sigmoid,0.01,0.01,1.0,122.44136900494902,63.90296803044448,131.51327660857376,-6.136776057617571
543,sigmoid,0.1,0.001,1.0,122.4414183565139,63.90299561875421,131.51332181607893,-6.13678096413202
495,sigmoid,0.001,10,1.0,122.46199411068594,63.91541153121669,131.52758798790094,-6.138329401421154
501,sigmoid,0.001,100,1.0,122.46308093521641,63.91594229379248,131.52879071461203,-6.1384599519593195
534,sigmoid,0.01,100,0.001,122.53489319027376,63.96766022391671,131.5323149837538,-6.138842502289779
536,sigmoid,0.01,100,0.1,122.53489319027376,63.96766022391671,131.5323149837538,-6.138842502289779
535,sigmoid,0.01,100,0.01,122.53489319027376,63.96766022391671,131.5323149837538,-6.138842502289779
489,sigmoid,0.001,1,1.0,122.46953140822868,63.9191205298549,131.53711542418438,-6.13936359421363
81,rbf,0.01,0.01,1.0,122.47317388197494,63.92090050674396,131.54258214203782,-6.139957034282959
111,rbf,0.1,0.001,1.0,122.48244048193209,63.92610046663953,131.55115976706637,-6.140888228881043
141,rbf,0.1,100,1.0,122.51845037800175,63.946122465597895,131.59055721032829,-6.145166030257119
405,poly,10.0,0.01,1.0,122.55444437158728,63.9659399104257,131.61703889937928,-6.14804215006776
303,poly,0.01,0.1,1.0,122.55444437173517,63.96593991050763,131.61703889952264,-6.148042150083331
93,rbf,0.01,1,1.0,122.55553519505008,63.968610314459994,131.61974477198774,-6.148336061713845
135,rbf,0.1,10,1.0,122.64003475920303,64.01802966513542,131.70492822966577,-6.157591770695763
126,rbf,0.1,1,0.001,122.74045988824035,64.09405158638683,131.74245983709258,-6.161671712187815
127,rbf,0.1,1,0.01,122.74920089543463,64.09882703344061,131.7508158487233,-6.16258022581393
87,rbf,0.01,0.1,1.0,122.71011986914472,64.05500273650179,131.76007346841482,-6.163586834735964
171,rbf,1.0,10,1.0,122.72214910516767,64.10026656040777,131.76058552310792,-6.163642514052
177,rbf,1.0,100,1.0,122.69452939664536,64.0512224598607,131.7670063155094,-6.164340710435309
174,rbf,1.0,100,0.001,122.7140914574554,64.06191355831342,131.783372272671,-6.166120497014093
175,rbf,1.0,100,0.01,122.71887326790544,64.064562655223,131.78800948888403,-6.166624831274884
524,sigmoid,0.01,1,0.1,122.78817577958317,64.10411465084957,131.79856018961198,-6.1677723702783425
523,sigmoid,0.01,1,0.01,122.79076686985034,64.10556208354853,131.80097505420957,-6.168035034123664
522,sigmoid,0.01,1,0.001,122.79076686985034,64.10556208354853,131.8009750542096,-6.168035034123665
128,rbf,0.1,1,0.1,122.80672417891597,64.13037431573923,131.80533454812075,-6.168509226698867
531,sigmoid,0.01,10,1.0,122.82431531303693,64.12874398988525,131.8122687923285,-6.169263513334098
519,sigmoid,0.01,0.1,1.0,122.78193156549814,64.09476544769481,131.82797346417178,-6.170971967928604
537,sigmoid,0.01,100,1.0,122.84027610963916,64.13688463374135,131.8294069078045,-6.171127917227123
176,rbf,1.0,100,0.1,122.76360531839728,64.08934398620278,131.8313905343244,-6.171343725624778
132,rbf,0.1,10,0.001,122.78522552044997,64.09839662663632,131.84506994624965,-6.172832063935053
133,rbf,0.1,10,0.01,122.78522552044997,64.09839662663632,131.84506994624965,-6.172832063935053
134,rbf,0.1,10,0.1,122.78522552044997,64.09839662663632,131.84506994624968,-6.172832063935055
549,sigmoid,0.1,0.01,1.0,122.82016486963377,64.11629821568366,131.86287413272518,-6.174769414528923
579,sigmoid,1.0,0.001,1.0,122.82065838528234,64.1165740987809,131.86332684364857,-6.1748186793744475
3,linear,0.001,None,1.0,122.82066340277211,17387.938180453377,131.86333144757634,-6.174819180383311
139,rbf,0.1,100,0.01,122.81494199382058,64.11035860147543,131.8777329984722,-6.176386472290937
140,rbf,0.1,100,0.1,122.81494199382058,64.11035860147543,131.8777329984722,-6.176386472290937
138,rbf,0.1,100,0.001,122.81494199382058,64.11035860147543,131.8777329984722,-6.176386472290937
90,rbf,0.01,1,0.001,122.8373593973246,64.12470616964224,131.89308140109284,-6.178056996586896
91,rbf,0.01,1,0.01,122.8373593973246,64.12470616964224,131.89308140109284,-6.178056996586896
92,rbf,0.01,1,0.1,122.83735939732465,64.12470616964228,131.8930814010929,-6.178056996586901
493,sigmoid,0.001,10,0.01,122.83889460544633,64.12421738972314,131.89312139108466,-6.178061349362358
492,sigmoid,0.001,10,0.001,122.83889460544633,64.12421738972314,131.89312139108466,-6.178061349362358
494,sigmoid,0.001,10,0.1,122.83889460544633,64.12421738972314,131.89312139108466,-6.178061349362358
499,sigmoid,0.001,100,0.01,122.84229155650026,64.12603131734203,131.89656801635365,-6.178436507833422
498,sigmoid,0.001,100,0.001,122.84229155650026,64.12603131734203,131.89656801635365,-6.178436507833422
500,sigmoid,0.001,100,0.1,122.84229155650026,64.12603131734203,131.89656801635365,-6.178436507833422
486,sigmoid,0.001,1,0.001,122.8679959041079,64.13986227383151,131.9235170727321,-6.18137019831676
488,sigmoid,0.001,1,0.1,122.8679959041079,64.13986227383151,131.9235170727321,-6.181370198316759
487,sigmoid,0.001,1,0.01,122.8679959041079,64.13986227383151,131.9235170727321,-6.181370198316759
97,rbf,0.01,10,0.01,122.86845060959892,64.13970928574632,131.9288995624405,-6.181956211191165
98,rbf,0.01,10,0.1,122.86845060959892,64.13970928574632,131.9288995624405,-6.181956211191165
96,rbf,0.01,10,0.001,122.86845060959894,64.13970928574632,131.9288995624405,-6.181956211191165
103,rbf,0.01,100,0.01,122.87142225693603,64.14090548323024,131.9321673347152,-6.182311998105432
102,rbf,0.01,100,0.001,122.87142225693603,64.14090548323024,131.9321673347152,-6.182311998105432
104,rbf,0.01,100,0.1,122.87142225693603,64.14090548323024,131.9321673347152,-6.182311998105432
54,rbf,0.001,1,0.001,122.87366399728644,64.14234024004695,131.93370086726128,-6.182478968351446
56,rbf,0.001,1,0.1,122.87366399728647,64.14234024004696,131.9337008672613,-6.1824789683514485
55,rbf,0.001,1,0.01,122.87366399728644,64.14234024004695,131.9337008672613,-6.182478968351447
62,rbf,0.001,10,0.1,122.87677311851387,64.14384055165733,131.93728421804104,-6.182869129333193
61,rbf,0.001,10,0.01,122.87677311851387,64.14384055165733,131.93728421804104,-6.182869129333193
60,rbf,0.001,10,0.001,122.87677311851387,64.14384055165733,131.93728421804104,-6.182869129333193
68,rbf,0.001,100,0.1,122.87707028324753,64.14396017140572,131.9376110099282,-6.182904711485407
67,rbf,0.001,100,0.01,122.87707028324753,64.14396017140572,131.9376110099282,-6.182904711485407
66,rbf,0.001,100,0.001,122.87707028324753,64.14396017140572,131.9376110099282,-6.182904711485407
252,poly,0.001,0.001,0.001,122.87769784616155,64.14429958374073,131.93821586894663,-6.1829705707141605
253,poly,0.001,0.001,0.01,122.87769784616155,64.14429958374073,131.93821586894663,-6.1829705707141605
254,poly,0.001,0.001,0.1,122.87769784616155,64.14429958374075,131.93821586894666,-6.182970570714161
290,poly,0.01,0.001,0.1,122.87769788607588,64.14429960658062,131.93821590050825,-6.18297057415071
288,poly,0.01,0.001,0.001,122.87769788607588,64.14429960658062,131.93821590050825,-6.18297057415071
289,poly,0.01,0.001,0.01,122.87769788607588,64.14429960658062,131.93821590050825,-6.18297057415071
324,poly,0.1,0.001,0.001,122.87769828521937,64.14429983497911,131.93821621612426,-6.1829706085161975
326,poly,0.1,0.001,0.1,122.87769828521937,64.14429983497911,131.93821621612426,-6.1829706085161975
325,poly,0.1,0.001,0.01,122.87769828521937,64.14429983497911,131.93821621612426,-6.1829706085161975
360,poly,1.0,0.001,0.001,122.87770227665315,64.1443021189635,131.93821937228424,-6.182970952171058
361,poly,1.0,0.001,0.01,122.87770227665315,64.1443021189635,131.93821937228424,-6.182970952171058
362,poly,1.0,0.001,0.1,122.87770227665315,64.1443021189635,131.93821937228424,-6.182970952171058
259,poly,0.001,0.01,0.01,122.87770227665321,64.14430211896351,131.9382193722843,-6.182970952171063
258,poly,0.001,0.01,0.001,122.87770227665321,64.14430211896351,131.9382193722843,-6.182970952171063
260,poly,0.001,0.01,0.1,122.87770227665321,64.14430211896351,131.9382193722843,-6.182970952171063
398,poly,10.0,0.001,0.1,122.87774219099158,64.14432495880773,131.93825093396742,-6.182974388729194
397,poly,10.0,0.001,0.01,122.87774219099158,64.14432495880773,131.93825093396742,-6.182974388729194
396,poly,10.0,0.001,0.001,122.87774219099158,64.14432495880773,131.93825093396742,-6.182974388729194
296,poly,0.01,0.01,0.1,122.87774219099224,64.1443249588081,131.93825093396805,-6.182974388729262
294,poly,0.01,0.01,0.001,122.87774219099224,64.1443249588081,131.93825093396805,-6.182974388729262
295,poly,0.01,0.01,0.01,122.87774219099224,64.1443249588081,131.93825093396805,-6.182974388729262
469,sigmoid,0.001,0.001,0.01,122.8778119227914,64.14436662011838,131.93830730413646,-6.182980526533267
470,sigmoid,0.001,0.001,0.1,122.8778119227914,64.14436662011838,131.93830730413646,-6.182980526533267
468,sigmoid,0.001,0.001,0.001,122.87781192279142,64.14436662011839,131.9383073041365,-6.18298052653327
38,rbf,0.001,0.001,0.1,122.87792213898004,64.1444314381362,131.9383954699765,-6.182990126379386
36,rbf,0.001,0.001,0.001,122.87792213898004,64.1444314381362,131.9383954699765,-6.182990126379386
37,rbf,0.001,0.001,0.01,122.87792213898004,64.1444314381362,131.9383954699765,-6.182990126379386
434,poly,100.0,0.001,0.1,122.87814133437632,64.14455335725036,131.93856655906487,-6.183008755255762
432,poly,100.0,0.001,0.001,122.87814133437632,64.14455335725036,131.9385665590649,-6.1830087552557655
433,poly,100.0,0.001,0.01,122.87814133437632,64.14455335725036,131.9385665590649,-6.1830087552557655
332,poly,0.1,0.01,0.1,122.87814133438299,64.14455335725404,131.93856655907135,-6.183008755256469
331,poly,0.1,0.01,0.01,122.87814133438299,64.14455335725404,131.93856655907135,-6.183008755256467
330,poly,0.1,0.01,0.001,122.87814133438299,64.14455335725404,131.93856655907135,-6.183008755256467
474,sigmoid,0.001,0.01,0.001,122.8788372139266,64.1449691462878,131.93912912606265,-6.183070010010772
476,sigmoid,0.001,0.01,0.1,122.87883721392657,64.1449691462878,131.93912912606265,-6.183070010010771
475,sigmoid,0.001,0.01,0.01,122.87883721392657,64.1449691462878,131.93912912606265,-6.183070010010771
505,sigmoid,0.01,0.001,0.01,122.878838652374,64.14496997035644,131.93913025965296,-6.183070133441307
506,sigmoid,0.01,0.001,0.1,122.878838652374,64.14496997035644,131.93913025965296,-6.183070133441307
504,sigmoid,0.01,0.001,0.001,122.878838652374,64.14496997035644,131.93913025965298,-6.183070133441309
43,rbf,0.001,0.01,0.01,122.87962150862882,64.14543466997542,131.93974131293837,-6.183136667891848
44,rbf,0.001,0.01,0.1,122.87962150862882,64.14543466997542,131.93974131293837,-6.183136667891848
42,rbf,0.001,0.01,0.001,122.87962150862884,64.14543466997542,131.9397413129384,-6.18313666789185
74,rbf,0.01,0.001,0.1,122.87994081426068,64.14561815053472,131.94001193901013,-6.1831661350718425
73,rbf,0.01,0.001,0.01,122.87994081426068,64.14561815053472,131.94001193901013,-6.1831661350718425
72,rbf,0.01,0.001,0.001,122.8799408142607,64.14561815053473,131.94001193901013,-6.183166135071844
50,rbf,0.001,0.1,0.1,122.8818351995438,64.14694251005128,131.94068907684832,-6.183239865640729
49,rbf,0.001,0.1,0.01,122.88183519954374,64.14694251005128,131.94068907684832,-6.183239865640728
48,rbf,0.001,0.1,0.001,122.8818351995438,64.14694251005129,131.94068907684834,-6.183239865640731
264,poly,0.001,0.1,0.001,122.88213276827636,64.14683734170559,131.9417236366063,-6.183352515045313
265,poly,0.001,0.1,0.01,122.88213276827635,64.14683734170558,131.9417236366063,-6.1833525150453115
266,poly,0.001,0.1,0.1,122.88213276827635,64.14683734170558,131.9417236366063,-6.1833525150453115
366,poly,1.0,0.01,0.001,122.88213276829113,64.14683734171378,131.94172363662062,-6.183352515046872
367,poly,1.0,0.01,0.01,122.88213276829113,64.14683734171376,131.94172363662062,-6.183352515046871
368,poly,1.0,0.01,0.1,122.88213276829113,64.14683734171376,131.94172363662062,-6.183352515046871
482,sigmoid,0.001,0.1,0.1,122.88834228277129,64.15054456318668,131.94683796676003,-6.1839094086098445
481,sigmoid,0.001,0.1,0.01,122.88834228277129,64.15054456318668,131.94683796676003,-6.1839094086098445
480,sigmoid,0.001,0.1,0.001,122.88834228277129,64.15054456318668,131.94683796676003,-6.183909408609843
511,sigmoid,0.01,0.01,0.01,122.88909156372617,64.15099523205099,131.94734919361153,-6.18396507670405
512,sigmoid,0.01,0.01,0.1,122.88909156372617,64.15099523205099,131.94734919361153,-6.18396507670405
510,sigmoid,0.01,0.01,0.001,122.88909156372623,64.15099523205102,131.94734919361156,-6.183965076704053
540,sigmoid,0.1,0.001,0.001,122.88910594820047,64.15100347273743,131.94736053223542,-6.18396631138261
541,sigmoid,0.1,0.001,0.01,122.88910594820047,64.15100347273743,131.94736053223542,-6.18396631138261
542,sigmoid,0.1,0.001,0.1,122.88910594820047,64.15100347273743,131.94736053223542,-6.18396631138261
79,rbf,0.01,0.01,0.01,122.89693451074855,64.15565046892702,131.95347256045198,-6.184631874097711
80,rbf,0.01,0.01,0.1,122.89693451074855,64.15565046892702,131.95347256045198,-6.184631874097709
78,rbf,0.01,0.01,0.001,122.89693451074855,64.15565046892702,131.95347256045198,-6.184631874097709
110,rbf,0.1,0.001,0.1,122.90012756706747,64.15748527452027,131.95617942111704,-6.184926644618093
109,rbf,0.1,0.001,0.01,122.90012756706747,64.15748527452025,131.95617942111704,-6.184926644618093
108,rbf,0.1,0.001,0.001,122.90012756706747,64.15748527452025,131.95617942111704,-6.184926644618093
86,rbf,0.01,0.1,0.1,122.91907141989802,64.17072886968566,131.96298502632462,-6.185667785129256
84,rbf,0.01,0.1,0.001,122.91907141989802,64.17072886968566,131.96298502632462,-6.185667785129256
85,rbf,0.01,0.1,0.01,122.91907141989802,64.17072886968566,131.96298502632465,-6.185667785129259
525,sigmoid,0.01,1,1.0,122.96240644972228,64.20061148489835,131.96790702878008,-6.186203822322673
301,poly,0.01,0.1,0.01,122.92204710722434,64.169677186229,131.9733770416027,-6.186799564766455
302,poly,0.01,0.1,0.1,122.92204710722434,64.169677186229,131.9733770416027,-6.186799564766455
300,poly,0.01,0.1,0.001,122.92204710722434,64.169677186229,131.97337704160273,-6.1867995647664555
403,poly,10.0,0.01,0.01,122.92204710737158,64.1696771863106,131.97337704174552,-6.18679956478201
404,poly,10.0,0.01,0.1,122.92204710737158,64.1696771863106,131.97337704174552,-6.18679956478201
402,poly,10.0,0.01,0.001,122.92204710737158,64.1696771863106,131.97337704174552,-6.18679956478201
129,rbf,0.1,1,1.0,123.03573928783584,64.25590894023418,132.02445447580445,-6.1923636311855095
516,sigmoid,0.01,0.1,0.001,122.98414225217365,64.20674940103997,132.02449409370516,-6.192367947755376
517,sigmoid,0.01,0.1,0.01,122.98414225217365,64.20674940103999,132.0244940937052,-6.192367947755378
518,sigmoid,0.01,0.1,0.1,122.98414225217365,64.20674940103999,132.0244940937052,-6.192367947755378
546,sigmoid,0.1,0.01,0.001,122.99163506172243,64.2112560896829,132.02962129206043,-6.192926592776852
547,sigmoid,0.1,0.01,0.01,122.99163506172243,64.21125608968292,132.02962129206043,-6.192926592776853
548,sigmoid,0.1,0.01,0.1,122.99163506172243,64.2112560896829,132.02962129206043,-6.192926592776852
577,sigmoid,1.0,0.001,0.01,122.99177890646561,64.21133849654763,132.02973495006592,-6.19293897687724
576,sigmoid,1.0,0.001,0.001,122.99177890646561,64.21133849654763,132.02973495006592,-6.19293897687724
578,sigmoid,1.0,0.001,0.1,122.99177890646561,64.21133849654763,132.02973495006592,-6.19293897687724
1,linear,0.001,None,0.01,122.9917803861048,17431.851220817003,132.02973612340898,-6.192939104723971
2,linear,0.001,None,0.1,122.9917803861048,17431.851220817007,132.02973612340898,-6.192939104723973
0,linear,0.001,None,0.001,122.9917803861048,17431.851220817003,132.02973612340898,-6.192939104723971
338,poly,0.1,0.1,0.1,123.09887565838463,64.28033986379339,132.08437988993407,-6.198894287748443
337,poly,0.1,0.1,0.01,123.09887565838463,64.28033986379339,132.08437988993407,-6.198894287748443
336,poly,0.1,0.1,0.001,123.09887565838463,64.28033986379339,132.08437988993407,-6.198894287748443
438,poly,100.0,0.01,0.001,123.0988756769886,64.28033987411702,132.08437990798944,-6.198894289716562
439,poly,100.0,0.01,0.01,123.0988756769886,64.28033987411702,132.08437990798944,-6.198894289716562
440,poly,100.0,0.01,0.1,123.0988756769886,64.28033987411702,132.08437990798944,-6.198894289716562
116,rbf,0.1,0.01,0.1,123.06959082245447,64.25754697549229,132.09054060713822,-6.199565849158314
115,rbf,0.1,0.01,0.01,123.07006453194624,64.25780845844349,132.09100456420018,-6.199616425002271
114,rbf,0.1,0.01,0.001,123.07006453194624,64.25780845844349,132.09100456420018,-6.199616425002271
123,rbf,0.1,0.1,1.0,123.20293023195009,64.35798894560307,132.09752021493907,-6.200326713234282
117,rbf,0.1,0.01,1.0,123.07940675270858,64.26301840027688,132.09994869854367,-6.200591457584862
146,rbf,1.0,0.001,0.1,123.09844260866343,64.27419546732077,132.11466886191516,-6.202196299815722
145,rbf,1.0,0.001,0.01,123.10199509513545,64.27615651437576,132.11813303974145,-6.202574002247101
144,rbf,1.0,0.001,0.001,123.10199509513545,64.27615651437576,132.11813303974145,-6.202574002247101
147,rbf,1.0,0.001,1.0,123.14301524628533,64.2988561532385,132.15797226534605,-6.2069184207921015
441,poly,100.0,0.01,1.0,123.18301887657111,64.32721374420197,132.1653935983639,-6.207727852753567
339,poly,0.1,0.1,1.0,123.18301890255015,64.32721375861813,132.16539362357958,-6.207727855503872
562,sigmoid,0.1,1,10.0,123.57106929855516,64.64208760185763,132.1658328462603,-6.20777576218692
28,linear,10.0,None,10.0,124.83787407651138,17499.951683932795,132.28738293553468,-6.22103953295677
121,rbf,0.1,0.1,0.01,123.48650390769927,64.51394304915424,132.3704002351137,-6.230105541955474
120,rbf,0.1,0.1,0.001,123.48650390769927,64.51394304915424,132.3704002351137,-6.230105541955474
122,rbf,0.1,0.1,0.1,123.48650390769927,64.51394304915424,132.3704002351137,-6.230105541955474
160,rbf,1.0,0.1,10.0,124.40595482465338,65.23467141663065,132.38843934887888,-6.23207627836109
256,poly,0.001,0.001,10.0,123.35611512987879,64.40933449810325,132.40223896563427,-6.233584039655639
292,poly,0.01,0.001,10.0,123.35611532756567,64.40933460813977,132.40223914967905,-6.233584059765622
328,poly,0.1,0.001,10.0,123.35611730443354,64.40933570850457,132.40224099012616,-6.233584260865378
364,poly,1.0,0.001,10.0,123.35613707311225,64.40934671215241,132.40225939459938,-6.233586271863319
262,poly,0.001,0.01,10.0,123.35613707311234,64.40934671215247,132.40225939459944,-6.233586271863326
400,poly,10.0,0.001,10.0,123.35633475989943,64.40945674863114,132.40244343955112,-6.233606381882101
298,poly,0.01,0.01,10.0,123.35633475990016,64.40945674863153,132.4024434395518,-6.2336063818821765
472,sigmoid,0.001,0.001,10.0,123.35664644474843,64.40963266022564,132.40273456284638,-6.23363819207513
70,rbf,0.001,100,10.0,123.35674939336091,64.40969419020746,132.40286186259115,-6.233652101768783
40,rbf,0.001,0.001,10.0,123.35716108294567,64.40992150375025,132.40321446779683,-6.233690630041475
64,rbf,0.001,10,10.0,123.3581734270252,64.41052009250058,132.40420427048988,-6.233798783808856
436,poly,100.0,0.001,10.0,123.35831162777176,64.41055711341852,132.40428391101221,-6.2338074860051345
334,poly,0.1,0.01,10.0,123.35831162777872,64.41055711342237,132.40428391101895,-6.23380748600587
478,sigmoid,0.001,0.01,10.0,123.36142126977298,64.41231221724598,132.40718844320787,-6.234124863307065
508,sigmoid,0.01,0.001,10.0,123.36142847626144,64.4123162293632,132.40719515136098,-6.234125596312863
106,rbf,0.01,100,10.0,123.36348163291794,64.41349862498052,132.40946131090047,-6.234373223686902
46,rbf,0.001,0.01,10.0,123.36520705521498,64.41444029136008,132.41070743374365,-6.23450939160211
76,rbf,0.01,0.001,10.0,123.36657485823336,64.4152046646092,132.41199428608297,-6.234650011507463
100,rbf,0.01,10,10.0,123.37669829902904,64.42119055211273,132.42189271263894,-6.235731700954692
502,sigmoid,0.001,100,10.0,123.3848246444493,64.42643807255469,132.42263088399045,-6.235812370768821
370,poly,1.0,0.01,10.0,123.37808030656397,64.42156076133055,132.42269081968007,-6.235818920759554
268,poly,0.001,0.1,10.0,123.37808030657983,64.42156076133936,132.42269081969545,-6.235818920761234
58,rbf,0.001,1,10.0,123.37837679133446,64.42191869201498,132.42326855067537,-6.235882057461581
496,sigmoid,0.001,10,10.0,123.38703483388639,64.4277466979615,132.42465912148452,-6.236034025605969
52,rbf,0.001,0.1,10.0,123.3846703717722,64.42549571009077,132.42837367616372,-6.236439977506535
538,sigmoid,0.01,100,10.0,123.46335562845987,64.4809261909698,132.43394165697453,-6.23704850579795
34,linear,100.0,None,10.0,125.00848418118453,17538.968636535188,132.43477125187022,-6.237139174960699
532,sigmoid,0.01,10,10.0,123.47072550322133,64.48588199300747,132.439940287198,-6.237704128677402
172,rbf,1.0,10,10.0,123.43119015328617,64.48495620760477,132.44126248166495,-6.237848642486455
484,sigmoid,0.001,0.1,10.0,123.40358576122716,64.43597942337468,132.44654821791457,-6.238426379690836
490,sigmoid,0.001,1,10.0,123.41229556340166,64.44132917690261,132.45145463613844,-6.238962677622228
514,sigmoid,0.01,0.01,10.0,123.40917672650654,64.4391117995665,132.4517368704448,-6.238993527955921
544,sigmoid,0.1,0.001,10.0,123.40924879139098,64.4391519207389,132.45180396199004,-6.239000861576397
223,rbf,100.0,0.01,0.01,125.24911939926018,65.97074986322588,132.46417588173227,-6.240353270796557
222,rbf,100.0,0.01,0.001,125.25475328390988,65.9737082802922,132.4707254126765,-6.2410692695156635
142,rbf,0.1,100,10.0,123.42978035795632,64.45097587691212,132.47446652813332,-6.2414782664257995
82,rbf,0.01,0.01,10.0,123.44703458092683,64.46039254070764,132.4869326625995,-6.2428412081552205
225,rbf,100.0,0.01,1.0,125.26289400076175,65.96441424731076,132.49763360680507,-6.244011261203358
112,rbf,0.1,0.001,10.0,123.46071261111072,64.46803627319919,132.49980382370646,-6.244248566640369
224,rbf,100.0,0.01,0.1,125.30154659373692,66.00189370502531,132.50921033712575,-6.245277180090636
178,rbf,1.0,100,10.0,123.45942316661181,64.4748865114197,132.51009837494112,-6.245374291856105
526,sigmoid,0.01,1,10.0,123.57501271776893,64.53956114905921,132.56279145122514,-6.2511377313704815
136,rbf,0.1,10,10.0,123.56194701906746,64.52789514823438,132.59882798465466,-6.2550806384524105
406,poly,10.0,0.01,10.0,123.57576709441685,64.53195372376315,132.60697896705318,-6.255972619973791
304,poly,0.01,0.1,10.0,123.57576709457524,64.53195372385106,132.60697896720694,-6.255972619990616
94,rbf,0.01,1,10.0,123.57873194212162,64.5351765472567,132.61259145465417,-6.256586839805763
88,rbf,0.01,0.1,10.0,123.64166774649885,64.57094672801456,132.66370009626036,-6.262181267290161
22,linear,1.0,None,10.0,125.17627846145992,17600.260471845442,132.66597330078818,-6.262430145691159
658,sigmoid,100.0,0.01,10.0,125.21673796573475,65.8175497819023,132.7086556210419,-6.267103947506957
555,sigmoid,0.1,0.1,1.0,123.90405629242449,64.74980909933052,132.76394635562514,-6.273160631840988
552,sigmoid,0.1,0.1,0.001,123.96217714801092,64.78241810857497,132.81809774607387,-6.279094955029883
554,sigmoid,0.1,0.1,0.1,123.96217714801095,64.78241810857499,132.8180977460739,-6.279094955029886
553,sigmoid,0.1,0.1,0.01,123.96217714801095,64.78241810857499,132.8180977460739,-6.279094955029886
520,sigmoid,0.01,0.1,10.0,123.83082164104836,64.67578386085343,132.84556133090132,-6.282105549420994
9,linear,0.01,None,1.0,124.01923049376124,17650.767458591574,132.85619089297862,-6.283270943115714
615,sigmoid,10.0,0.001,1.0,124.01923783200681,64.81733399147002,132.85619955929803,-6.283271893303341
585,sigmoid,1.0,0.01,1.0,124.01998096017871,64.817709035669,132.8570741851455,-6.283367788848168
550,sigmoid,0.1,0.01,10.0,123.88673129384284,64.70710762277206,132.89751161460194,-6.287802110381945
580,sigmoid,1.0,0.001,10.0,123.8874519426866,64.70750883449567,132.89818352627674,-6.287875802833228
4,linear,0.001,None,10.0,123.8874592670991,17661.929000076136,132.89819035666414,-6.287876551963352
584,sigmoid,1.0,0.01,0.1,124.1375385312353,64.88416018212499,132.9643050679183,-6.295129558274238
614,sigmoid,10.0,0.001,0.1,124.13992772092183,64.8855413984761,132.966349469928,-6.29535389355248
8,linear,0.01,None,0.1,124.13995209487008,17680.055644665852,132.9663703523032,-6.295356185024418
33,linear,100.0,None,1.0,125.61324480072827,17687.66747093035,132.99499039787307,-6.298497067888936
27,linear,10.0,None,1.0,125.62984372368507,17690.99901325214,133.00751487510826,-6.299871768759307
130,rbf,0.1,1,10.0,124.05632204563658,64.81549947653349,133.00846806595212,-6.299976397371768
417,poly,10.0,1,1.0,113.60432441969301,62.09101641815441,133.02722470637454,-6.302035404421495
583,sigmoid,1.0,0.01,0.01,124.21333446382029,64.92627368411539,133.03721928674545,-6.303132676374243
582,sigmoid,1.0,0.01,0.001,124.21333446382029,64.92627368411539,133.03721928674545,-6.303132676374243
613,sigmoid,10.0,0.001,0.01,124.21673481264881,64.9282174638458,133.04023568366026,-6.3034638528183775
612,sigmoid,10.0,0.001,0.001,124.21673481264881,64.9282174638458,133.04023568366026,-6.3034638528183775
6,linear,0.01,None,0.001,124.21676942426528,17699.712485671607,133.040266407098,-6.303467226046658
7,linear,0.01,None,0.01,124.21676942426528,17699.71248567161,133.04026640709802,-6.30346722604666
340,poly,0.1,0.1,10.0,124.12559692692363,64.8528686384556,133.07217431860113,-6.306970922149561
442,poly,100.0,0.01,10.0,124.1255969350971,64.85286864295533,133.0721743264647,-6.306970923013136
118,rbf,0.1,0.01,10.0,124.10048947806537,64.8291912174742,133.09057443839288,-6.30899175687671
148,rbf,1.0,0.001,10.0,124.13073751025836,64.8469004825499,133.11592089510452,-6.311775946284674
151,rbf,1.0,0.01,0.01,124.50115466506588,65.11502439938376,133.1838558060698,-6.319240892548651
150,rbf,1.0,0.01,0.001,124.50115466506588,65.11502439938376,133.1838558060698,-6.319240892548651
152,rbf,1.0,0.01,0.1,124.58443635560806,65.16190115014925,133.2628172233943,-6.327922259424358
180,rbf,10.0,0.001,0.001,124.62074151591928,65.18797484947186,133.27663898279766,-6.329442413853576
181,rbf,10.0,0.001,0.01,124.62948252311355,65.19285999598044,133.28503480883427,-6.330365886446963
124,rbf,0.1,0.1,10.0,124.47326538793861,65.06141263534784,133.3189986155065,-6.334102222655598
20,linear,1.0,None,0.1,125.95848740616806,17787.00114478361,133.36791647462897,-6.339485317388321
182,rbf,10.0,0.001,0.1,124.71689259505595,65.24173936901391,133.36899740345925,-6.339604288931679
153,rbf,1.0,0.01,1.0,124.77957630583292,65.27115606314099,133.45079413573413,-6.3486099763284685
656,sigmoid,100.0,0.01,0.1,126.04871344237827,66.2931851483552,133.46659919177546,-6.350350723860169
24,linear,10.0,None,0.001,126.12688024448669,17819.92568304225,133.49129440919452,-6.3530710344613714
25,linear,10.0,None,0.01,126.13518816232407,17822.018105088777,133.49913147690802,-6.35393443469187
19,linear,1.0,None,0.01,126.11792464575183,17827.425924196425,133.51938407660674,-6.356165873742027
18,linear,1.0,None,0.001,126.12692182046726,17829.725582294348,133.5279955001735,-6.3571147861926045
26,linear,10.0,None,0.1,126.18467884322995,17836.13676797549,133.55200023951528,-6.359760246368313
21,linear,1.0,None,1.0,126.17505057238168,17841.64288829409,133.57261279279555,-6.3620322476407685
655,sigmoid,100.0,0.01,0.01,126.18748088317616,66.37048541372393,133.59862932824873,-6.364900398858239
30,linear,100.0,None,0.001,126.24658838599082,17848.90325534307,133.5997876321032,-6.365028107196918
657,sigmoid,100.0,0.01,1.0,126.20415577253976,66.37099447146846,133.60091814418678,-6.365152752432468
654,sigmoid,100.0,0.01,0.001,126.19653522380096,66.37548672245393,133.60726840984026,-6.365852924089201
31,linear,100.0,None,0.01,126.25505902459022,17851.026460567442,133.60773353577795,-6.365904209550724
32,linear,100.0,None,0.1,126.3123418293202,17866.799132257205,133.66674654624165,-6.372412518137467
315,poly,0.01,10,1.0,113.72320216518456,62.17807290646801,133.69966888470273,-6.376044639922032
556,sigmoid,0.1,0.1,10.0,124.99699598995771,65.35989298368405,133.81743274881813,-6.389044134612475
183,rbf,10.0,0.001,1.0,125.2637943183076,65.54978982629653,133.88814954019975,-6.396855785891199
190,rbf,10.0,0.01,10.0,126.19983892477802,66.26963723495979,133.90361075670293,-6.398564241680023
586,sigmoid,1.0,0.01,10.0,125.12455916185367,65.43550371701974,133.9198654329444,-6.400360587051601
616,sigmoid,10.0,0.001,10.0,125.12709673494884,65.43697156747378,133.9220931209471,-6.400606791474788
10,linear,0.01,None,10.0,125.12712273816882,17935.133150713547,133.92211598803817,-6.400609318770471
220,rbf,100.0,0.001,10.0,126.29034429681586,66.3232259678285,133.9562706027187,-6.404384605467132
274,poly,0.001,1,10.0,125.5460677791005,65.76241861068132,133.96059794330088,-6.4048629975779034
376,poly,1.0,0.1,10.0,125.54649262170095,65.76265500168155,133.96100394399073,-6.404907882179603
273,poly,0.001,1,1.0,125.58113471998989,65.79296170708605,133.9835656730562,-6.4074023632485755
375,poly,1.0,0.1,1.0,125.58126691164907,65.79303618069473,133.98369494738486,-6.40741665735136
164,rbf,1.0,1,0.1,125.62577165093985,65.81472080145065,133.98874319168632,-6.407974861891376
163,rbf,1.0,1,0.01,125.64621227595259,65.82627153568833,134.00782403081877,-6.41008489647877
162,rbf,1.0,1,0.001,125.65953760074804,65.83361092601953,134.02147682891825,-6.411594861247946
157,rbf,1.0,0.1,0.01,126.1658304346793,66.23340688687904,134.03675679937885,-6.41328496956579
156,rbf,1.0,0.1,0.001,126.16732311781146,66.23433397466543,134.03830771228493,-6.41345652587806
165,rbf,1.0,1,1.0,125.6705724875022,65.83756857906464,134.04145876674824,-6.413805090109526
158,rbf,1.0,0.1,0.1,126.17422578825457,66.2371823166454,134.04406262293492,-6.414093130390948
166,rbf,1.0,1,10.0,125.65174057446882,65.81127991627137,134.06973920256866,-6.416933790123413
159,rbf,1.0,0.1,1.0,126.41277960374345,66.36656467995257,134.2685450398461,-6.438946557464419
154,rbf,1.0,0.01,10.0,125.63278545507862,65.74935194186989,134.27627819226774,-6.439803469471301
271,poly,0.001,1,0.01,125.94212987418953,65.98987878855985,134.3320832553094,-6.445988701607785
373,poly,1.0,0.1,0.01,125.94254008899169,65.99010756197217,134.33247891165254,-6.446032563906766
270,poly,0.001,1,0.001,125.95016969604212,65.9943738161121,134.33977548104613,-6.44684148173946
372,poly,1.0,0.1,0.001,125.95018520052565,65.9943823779467,134.3397909161633,-6.446843192965742
272,poly,0.001,1,0.1,125.9677525874117,66.00492146020757,134.35488324373281,-6.448516509698887
374,poly,1.0,0.1,0.1,125.96787903455436,66.00499032745503,134.35500565167283,-6.448530082082044
184,rbf,10.0,0.001,10.0,125.83029127468309,65.86640516690922,134.4407471337571,-6.458039988897057
16,linear,0.1,None,10.0,126.66986880180815,18104.814287718065,134.5541314405398,-6.470625180553199
652,sigmoid,100.0,0.001,10.0,126.67057612965853,66.46140001088408,134.55478530964564,-6.47069778810264
622,sigmoid,10.0,0.01,10.0,126.72645502831034,66.49205840965922,134.60637250393455,-6.47642729397644
592,sigmoid,1.0,0.1,10.0,126.99979283080536,66.6265707144755,134.9071995229276,-6.509882241514978
621,sigmoid,10.0,0.01,1.0,127.34833252811332,66.83742369708729,135.19669526175457,-6.542147555458386
651,sigmoid,100.0,0.001,1.0,127.35998728652083,66.84423026456719,135.20917069371654,-6.543539540516845
15,linear,0.1,None,1.0,127.36010171706977,18281.553130321172,135.20929380157702,-6.543553277298621
12,linear,0.1,None,0.001,127.48362806049809,18305.5130047366,135.2978677021061,-6.55343988747237
648,sigmoid,100.0,0.001,0.001,127.48369305243635,66.91300426383812,135.29793223444847,-6.553447092926431
13,linear,0.1,None,0.01,127.4923382532942,18307.76295922304,135.30618226534602,-6.55436829062384
649,sigmoid,100.0,0.001,0.01,127.49276706614752,66.91806058143949,135.30660146697593,-6.554415100139163
618,sigmoid,10.0,0.01,0.001,127.49867804055384,66.92101329544094,135.31308020023135,-6.555138556519649
619,sigmoid,10.0,0.01,0.01,127.507942487671,66.92617551221326,135.3219528848097,-6.556129392867932
650,sigmoid,100.0,0.001,0.1,127.58515128992913,66.96992003160685,135.39470463232257,-6.5642562248656615
14,linear,0.1,None,0.1,127.58561919362279,18331.84823201102,135.39515586612035,-6.564306644175052
620,sigmoid,10.0,0.01,0.1,127.59927458068132,66.97729959089119,135.4091251442392,-6.565867606289391
219,rbf,100.0,0.001,1.0,128.0108207303311,67.29006340686438,135.5049157616962,-6.57657582813125
216,rbf,100.0,0.001,0.001,128.11414275875885,67.3443778821634,135.6113340418114,-6.588480972253521
217,rbf,100.0,0.001,0.01,128.1162709958101,67.34556972557056,135.61330448630645,-6.588701496434559
218,rbf,100.0,0.001,0.1,128.12263323448866,67.3486552751854,135.6217847938888,-6.589650614741569
186,rbf,10.0,0.01,0.001,128.25435266178363,67.43088784492943,135.81669429407617,-6.611481296267154
187,rbf,10.0,0.01,0.01,128.2631209471437,67.4358657136997,135.8250480320898,-6.612417650614895
188,rbf,10.0,0.01,0.1,128.30119673148627,67.45872750865946,135.8593905732217,-6.616267644714433
189,rbf,10.0,0.01,1.0,128.29758839651726,67.45046832553973,135.86773866295025,-6.617203660088142
589,sigmoid,1.0,0.1,0.01,128.09527757521099,67.23554682377527,135.92452716106425,-6.623572500259731
588,sigmoid,1.0,0.1,0.001,128.0959301914037,67.23584216715189,135.92535425697645,-6.623665278876912
591,sigmoid,1.0,0.1,1.0,128.0974788609662,67.23847278819763,135.9308143825484,-6.624277776906155
590,sigmoid,1.0,0.1,0.1,128.19361073263937,67.29163043935912,136.0182900374796,-6.634093848305586
316,poly,0.01,10,10.0,113.15096325936169,62.16885795343099,137.75788612971118,-6.830613936249581
418,poly,10.0,1,10.0,113.14953034199056,62.16848376460966,137.75818715934975,-6.830648159327833
628,sigmoid,10.0,0.1,10.0,132.33391111182132,69.86361659443725,139.11385851065518,-6.985528537694516
626,sigmoid,10.0,0.1,0.1,132.89407182795188,70.15924089780808,139.69061603958653,-7.0518808229284655
625,sigmoid,10.0,0.1,0.01,132.94467566861368,70.18617186042715,139.7440894307265,-7.058046502399867
624,sigmoid,10.0,0.1,0.001,132.95024304886383,70.18915579180197,139.74998402395894,-7.058726315168439
627,sigmoid,10.0,0.1,1.0,133.14010752463878,70.30742321069266,139.9227165667388,-7.078659978333352
357,poly,0.1,100,1.0,133.69227089038444,72.34608539971252,144.1517838180634,-7.574383716478048
352,poly,0.1,10,10.0,111.59524497696053,61.42536649721093,146.76317109708197,-7.887856762923985
354,poly,0.1,100,0.001,112.1594151419813,66.4830849688096,149.31905039511915,-8.200116179475115
358,poly,0.1,100,10.0,137.19220717134746,75.62562087088162,156.93341414576605,-9.162339958569886
350,poly,0.1,10,0.1,113.78874161077594,62.970882811883,159.25031628917327,-9.464620424820675
451,poly,100.0,1,0.01,108.87990818399214,59.685529577104546,159.2604755529223,-9.465955633848619
457,poly,100.0,10,0.01,124.18289648229508,66.88277979908973,160.33600609280134,-9.60779200433989
454,poly,100.0,1,10.0,112.950674399232,62.80316097782722,163.50333517377095,-10.03103099372115
460,poly,100.0,10,10.0,150.84540115920106,81.57202842018305,163.6425562008028,-10.049824558990396
452,poly,100.0,1,0.1,110.74317499921631,62.60448279968009,166.32219700357825,-10.41466838905141
351,poly,0.1,10,1.0,125.08626033525493,68.16294161108105,166.9266220085604,-10.497782337530465
450,poly,100.0,1,0.001,128.80457216032312,70.10091172569108,167.39251605084223,-10.562052776813664
453,poly,100.0,1,1.0,114.89181292246823,62.851864062221864,177.16748626265095,-11.951823559672933
459,poly,100.0,10,1.0,168.6635447412035,92.73938077794722,185.38546597975096,-13.181241040419371
355,poly,0.1,100,0.01,162.21003588001804,88.12493862904228,192.77247609543966,-14.33391051620306
348,poly,0.1,10,0.001,123.62297554405842,68.01791185330305,197.2401549489266,-15.052901580486967
663,sigmoid,100.0,0.1,1.0,169.79778306178284,108.66355565957974,211.385885465334,-17.438043869754427
664,sigmoid,100.0,0.1,10.0,182.9668367752326,113.84172296916853,225.24372541671318,-19.9347739815894
662,sigmoid,100.0,0.1,0.1,205.61002383904642,130.09897884058233,245.99087524430269,-23.96898385095482
458,poly,100.0,10,0.1,171.6814318333712,91.97493666361278,249.46780661632044,-24.679814973695184
661,sigmoid,100.0,0.1,0.01,210.25836190071868,130.08023409238257,256.6346225769748,-26.17649012065453
660,sigmoid,100.0,0.1,0.001,210.78218880047334,130.40398698216947,257.33161678128266,-26.324307885998582
356,poly,0.1,100,0.1,236.20616527812987,134.15879355824322,292.59085718388513,-34.32517935230955
391,poly,1.0,100,0.01,270.57088507893275,155.47883429701457,328.0430863664199,-43.4042614948193
394,poly,1.0,100,10.0,187.09031007083263,101.06503564138943,365.12285713245444,-54.009907581005
456,poly,100.0,10,0.001,182.9657393016071,97.60412653430153,368.5245035608193,-55.03967560698535
392,poly,1.0,100,0.1,308.21288263513986,178.44258718546607,392.5978036109468,-62.6002179926537
466,poly,100.0,100,10.0,152.97279378677356,89.83768132954046,411.3505776625659,-68.82116581900311
430,poly,10.0,100,10.0,152.97279378677356,89.83768132954046,411.3505776625659,-68.82116581900311
390,poly,1.0,100,0.001,203.20412146705772,114.81004854117253,428.7272684856235,-74.84467364511843
639,sigmoid,10.0,10,1.0,368.7370165165762,232.7555674236176,447.4932680727734,-81.62964476197618
640,sigmoid,10.0,10,10.0,368.8893793414531,232.8203185735449,447.7528029822263,-81.72551881311539
636,sigmoid,10.0,10,0.001,375.91254209100293,235.5267793677617,452.21919118645803,-83.38414430501295
637,sigmoid,10.0,10,0.01,375.91189448199515,235.52640896223198,452.2199063963836,-83.38441122170497
638,sigmoid,10.0,10,0.1,375.9054183919177,235.52270490693462,452.22706794679925,-83.3870839390793
642,sigmoid,10.0,100,0.001,388.502792263201,246.96409878765255,486.7616295891781,-96.76773315560308
643,sigmoid,10.0,100,0.01,388.50298736660915,246.96424406000625,486.76341744525837,-96.76845135090262
644,sigmoid,10.0,100,0.1,388.50493840069043,246.96570857743077,486.7813015047774,-96.77563565794351
645,sigmoid,10.0,100,1.0,388.52444874150365,246.98042513998496,486.9606917471245,-96.84771413289863
646,sigmoid,10.0,100,10.0,391.0946105701204,248.43899912192086,488.6324669753193,-97.52070551800703
349,poly,0.1,10,0.01,157.12170075686893,90.11197897598196,522.4542253854285,-111.63136950939781
393,poly,1.0,100,1.0,350.29783406289425,205.00548743715768,655.359668159409,-176.22390203932216
385,poly,1.0,10,0.01,156.8293454775239,91.41932402622429,687.1894644772584,-193.85693100244615
285,poly,0.001,100,1.0,152.48429494774751,88.20697307075139,689.5933669743542,-195.22259909685403
284,poly,0.001,100,0.1,151.11616165884183,88.084819011131,704.2278155321806,-203.63938530154252
283,poly,0.001,100,0.01,149.75679544034128,87.31317078005772,717.5133006492625,-211.433392695117
464,poly,100.0,100,0.1,485.5158055449907,293.9068736508267,796.4420049800505,-260.74065626103356
428,poly,10.0,100,0.1,485.5158055449907,293.9068736508267,796.4420049800505,-260.74065626103356
634,sigmoid,10.0,1,10.0,737.500377321885,460.31047669906616,820.550937851142,-276.826690367936
631,sigmoid,10.0,1,0.01,738.7899648989882,461.1267528849568,823.3166783982158,-278.70272628927734
632,sigmoid,10.0,1,0.1,738.7970872011464,461.13167552785006,823.3245039683956,-278.70804342610654
630,sigmoid,10.0,1,0.001,738.8387725336972,461.15582969696226,823.3634146506853,-278.7344823039531
633,sigmoid,10.0,1,1.0,738.8685131931302,461.18119091782137,823.4035407419175,-278.76174833173894
286,poly,0.001,100,10.0,169.20210244237575,98.21704308405134,841.1119722479737,-290.92447133305956
322,poly,0.01,100,10.0,161.3446485711884,93.44492609362939,841.2176585770571,-290.9978369849054
387,poly,1.0,10,1.0,158.03101595655653,92.16822496649645,845.3197392318856,-293.8525538712
424,poly,10.0,10,10.0,171.29398538986757,100.79473217874921,864.5933739539087,-307.4513524056812
282,poly,0.001,100,0.001,157.98051606979112,93.27224198171832,889.5162123631466,-325.49054505729464
319,poly,0.01,100,0.01,186.56591950581372,106.97897388698136,899.7836862448436,-333.0712504153568
384,poly,1.0,10,0.001,160.15512226847324,94.2602470454566,910.4489969464888,-341.03780959243954
386,poly,1.0,10,0.1,171.44601342549308,99.80645297036263,915.4118680496938,-344.77687918916797
318,poly,0.01,100,0.001,207.89789231282936,118.49496794514171,916.7259202975675,-345.7703008809022
321,poly,0.01,100,1.0,220.85209384108973,129.1388754716464,930.8792782813032,-356.56055170204246
320,poly,0.01,100,0.1,195.65258269001495,111.29479338799936,943.7664131573653,-366.52924982968256
423,poly,10.0,10,1.0,261.6663592255549,150.82948772013773,984.4309580974427,-398.88342079806984
420,poly,10.0,10,0.001,196.50297441331537,112.79075860712973,998.2950798635073,-410.2261600086408
388,poly,1.0,10,10.0,178.24453630962478,104.62207151162681,1002.9258210119076,-414.0500765785222
421,poly,10.0,10,0.01,208.4093431896092,119.14900269067023,1024.2824990644199,-431.91474474994465
422,poly,10.0,10,0.1,216.82356067220925,124.43379280619715,1039.657691661561,-445.0089922582616
427,poly,10.0,100,0.01,412.6188413451386,242.55854900371924,1087.8780552761223,-487.3411318714131
463,poly,100.0,100,0.01,412.6188413451386,242.55854900371924,1087.8780552761223,-487.3411318714131
465,poly,100.0,100,1.0,425.2556383127631,254.9796519826008,1182.6969001714872,-576.1780280535239
429,poly,10.0,100,1.0,425.2556383127631,254.9796519826008,1182.6969001714872,-576.1780280535239
426,poly,10.0,100,0.001,406.3732409889361,237.35093510211925,1428.724267610043,-841.2862595996565
462,poly,100.0,100,0.001,406.3732409889361,237.35093510211925,1428.724267610043,-841.2862595996565
672,sigmoid,100.0,10,0.001,3929.1175468676797,2439.8997119917594,4761.457537960832,-9353.976575978459
673,sigmoid,100.0,10,0.01,3929.1181296014934,2439.9000675559078,4761.45943060447,-9353.9840130459
674,sigmoid,100.0,10,0.1,3929.1239569396234,2439.903623197385,4761.478357935106,-9354.058387396879
675,sigmoid,100.0,10,1.0,3929.1822303209183,2439.9391796121586,4761.667720663198,-9354.802498561758
676,sigmoid,100.0,10,10.0,3929.764964133868,2440.2988316763567,4763.570286163582,-9362.280375719061
681,sigmoid,100.0,100,1.0,4003.8115654597445,2486.4063091189405,4801.115648313033,-9510.460476172044
680,sigmoid,100.0,100,0.1,4003.8180402798885,2486.4137644948014,4801.124262706843,-9510.494608047115
679,sigmoid,100.0,100,0.01,4003.8186877619028,2486.414512858948,4801.125125947784,-9510.498028376123
678,sigmoid,100.0,100,0.001,4003.818752510104,2486.4145876953626,4801.125212289893,-9510.498370480438
682,sigmoid,100.0,100,10.0,4003.870884953272,2486.4105246037693,4801.705385226884,-9512.797267976397
670,sigmoid,100.0,1,10.0,5903.762327237473,3665.8618519813053,6750.052756755406,-18799.83800367515
669,sigmoid,100.0,1,1.0,5907.949285649346,3668.461219564665,6756.055066737884,-18833.289188572275
668,sigmoid,100.0,1,0.1,5908.044292542182,3668.520202199108,6756.221784773083,-18834.21874121792
667,sigmoid,100.0,1,0.01,5908.0537932314655,3668.5261004625518,6756.238461567372,-18834.311725571013
666,sigmoid,100.0,1,0.001,5908.054743300393,3668.526690288896,6756.240129296706,-18834.321024297205
