"","date","cnt","is_holiday","year","month","day","weekday","weeknum"
"1","2017-06-21",13,0,2017,6,21,2,25
"2","2017-06-22",40,0,2017,6,22,3,25
"3","2017-06-23",39,0,2017,6,23,4,25
"4","2017-06-24",28,0,2017,6,24,5,25
"5","2017-06-25",28,0,2017,6,25,6,25
"6","2017-06-26",22,0,2017,6,26,0,26
"7","2017-06-27",38,0,2017,6,27,1,26
"8","2017-06-28",40,0,2017,6,28,2,26
"9","2017-06-29",50,0,2017,6,29,3,26
"10","2017-06-30",46,0,2017,6,30,4,26
"11","2017-07-01",39,0,2017,7,1,5,26
"12","2017-07-02",15,0,2017,7,2,6,26
"13","2017-07-03",25,0,2017,7,3,0,27
"14","2017-07-04",45,0,2017,7,4,1,27
"15","2017-07-05",15,0,2017,7,5,2,27
"16","2017-07-07",3,0,2017,7,7,4,27
"17","2017-07-08",31,0,2017,7,8,5,27
"18","2017-07-09",20,0,2017,7,9,6,27
"19","2017-07-10",4,0,2017,7,10,0,28
"20","2017-07-11",43,0,2017,7,11,1,28
"21","2017-07-12",54,0,2017,7,12,2,28
"22","2017-07-13",47,0,2017,7,13,3,28
"23","2017-07-14",58,0,2017,7,14,4,28
"24","2017-07-15",23,0,2017,7,15,5,28
"25","2017-07-16",38,0,2017,7,16,6,28
"26","2017-07-17",54,0,2017,7,17,0,29
"27","2017-07-18",42,0,2017,7,18,1,29
"28","2017-07-19",53,0,2017,7,19,2,29
"29","2017-07-20",55,0,2017,7,20,3,29
"30","2017-07-21",49,0,2017,7,21,4,29
"31","2017-07-22",32,0,2017,7,22,5,29
"32","2017-07-23",30,0,2017,7,23,6,29
"33","2017-07-24",57,0,2017,7,24,0,30
"34","2017-07-25",55,0,2017,7,25,1,30
"35","2017-07-26",62,0,2017,7,26,2,30
"36","2017-07-27",58,0,2017,7,27,3,30
"37","2017-07-28",39,0,2017,7,28,4,30
"38","2017-07-29",61,0,2017,7,29,5,30
"39","2017-07-30",52,0,2017,7,30,6,30
"40","2017-07-31",48,0,2017,7,31,0,31
"41","2017-08-01",63,0,2017,8,1,1,31
"42","2017-08-02",50,0,2017,8,2,2,31
"43","2017-08-03",56,0,2017,8,3,3,31
"44","2017-08-04",50,0,2017,8,4,4,31
"45","2017-08-05",41,0,2017,8,5,5,31
"46","2017-08-06",34,0,2017,8,6,6,31
"47","2017-08-07",55,0,2017,8,7,0,32
"48","2017-08-08",81,0,2017,8,8,1,32
"49","2017-08-09",70,0,2017,8,9,2,32
"50","2017-08-10",14,0,2017,8,10,3,32
"51","2017-08-11",46,0,2017,8,11,4,32
"52","2017-08-12",66,0,2017,8,12,5,32
"53","2017-08-13",67,0,2017,8,13,6,32
"54","2017-08-14",43,0,2017,8,14,0,33
"55","2017-08-15",11,1,2017,8,15,1,33
"56","2017-08-16",43,0,2017,8,16,2,33
"57","2017-08-17",49,0,2017,8,17,3,33
"58","2017-08-18",63,0,2017,8,18,4,33
"59","2017-08-19",67,0,2017,8,19,5,33
"60","2017-08-20",4,0,2017,8,20,6,33
"61","2017-08-21",54,0,2017,8,21,0,34
"62","2017-08-22",59,0,2017,8,22,1,34
"63","2017-08-23",27,0,2017,8,23,2,34
"64","2017-08-24",46,0,2017,8,24,3,34
"65","2017-08-25",72,0,2017,8,25,4,34
"66","2017-08-26",84,0,2017,8,26,5,34
"67","2017-08-27",80,0,2017,8,27,6,34
"68","2017-08-28",41,0,2017,8,28,0,35
"69","2017-08-29",78,0,2017,8,29,1,35
"70","2017-08-30",74,0,2017,8,30,2,35
"71","2017-08-31",104,0,2017,8,31,3,35
"72","2017-09-01",82,0,2017,9,1,4,35
"73","2017-09-02",78,0,2017,9,2,5,35
"74","2017-09-03",32,0,2017,9,3,6,35
"75","2017-09-04",69,0,2017,9,4,0,36
"76","2017-09-05",112,0,2017,9,5,1,36
"77","2017-09-06",66,0,2017,9,6,2,36
"78","2017-09-07",89,0,2017,9,7,3,36
"79","2017-09-08",101,0,2017,9,8,4,36
"80","2017-09-09",112,0,2017,9,9,5,36
"81","2017-09-10",92,0,2017,9,10,6,36
"82","2017-09-11",86,0,2017,9,11,0,37
"83","2017-09-12",78,0,2017,9,12,1,37
"84","2017-09-13",115,0,2017,9,13,2,37
"85","2017-09-14",105,0,2017,9,14,3,37
"86","2017-09-15",105,0,2017,9,15,4,37
"87","2017-09-16",111,0,2017,9,16,5,37
"88","2017-09-17",118,0,2017,9,17,6,37
"89","2017-09-18",107,0,2017,9,18,0,38
"90","2017-09-19",86,0,2017,9,19,1,38
"91","2017-09-20",116,0,2017,9,20,2,38
"92","2017-09-21",114,0,2017,9,21,3,38
"93","2017-09-22",109,0,2017,9,22,4,38
"94","2017-09-23",119,0,2017,9,23,5,38
"95","2017-09-24",154,0,2017,9,24,6,38
"96","2017-09-25",26,0,2017,9,25,0,39
"97","2017-09-26",42,0,2017,9,26,1,39
"98","2017-09-27",111,0,2017,9,27,2,39
"99","2017-09-28",134,0,2017,9,28,3,39
"100","2017-09-29",140,0,2017,9,29,4,39
"101","2017-09-30",111,0,2017,9,30,5,39
"102","2017-10-01",44,0,2017,10,1,6,39
"103","2017-10-02",81,0,2017,10,2,0,40
"104","2017-10-03",54,1,2017,10,3,1,40
"105","2017-10-04",39,1,2017,10,4,2,40
"106","2017-10-05",65,1,2017,10,5,3,40
"107","2017-10-06",77,0,2017,10,6,4,40
"108","2017-10-07",85,0,2017,10,7,5,40
"109","2017-10-08",109,0,2017,10,8,6,40
"110","2017-10-09",146,1,2017,10,9,0,41
"111","2017-10-10",120,0,2017,10,10,1,41
"112","2017-10-11",98,0,2017,10,11,2,41
"113","2017-10-12",116,0,2017,10,12,3,41
"114","2017-10-13",98,0,2017,10,13,4,41
"115","2017-10-14",107,0,2017,10,14,5,41
"116","2017-10-15",128,0,2017,10,15,6,41
"117","2017-10-16",135,0,2017,10,16,0,42
"118","2017-10-17",146,0,2017,10,17,1,42
"119","2017-10-18",87,0,2017,10,18,2,42
"120","2017-10-19",126,0,2017,10,19,3,42
"121","2017-10-20",125,0,2017,10,20,4,42
"122","2017-10-21",123,0,2017,10,21,5,42
"123","2017-10-22",124,0,2017,10,22,6,42
"124","2017-10-23",125,0,2017,10,23,0,43
"125","2017-10-24",103,0,2017,10,24,1,43
"126","2017-10-25",96,0,2017,10,25,2,43
"127","2017-10-26",104,0,2017,10,26,3,43
"128","2017-10-27",132,0,2017,10,27,4,43
"129","2017-10-28",127,0,2017,10,28,5,43
"130","2017-10-29",91,0,2017,10,29,6,43
"131","2017-10-30",83,0,2017,10,30,0,44
"132","2017-10-31",92,0,2017,10,31,1,44
"133","2017-11-01",113,0,2017,11,1,2,44
"134","2017-11-02",120,0,2017,11,2,3,44
"135","2017-11-03",89,0,2017,11,3,4,44
"136","2017-11-04",67,0,2017,11,4,5,44
"137","2017-11-05",78,0,2017,11,5,6,44
"138","2017-11-06",101,0,2017,11,6,0,45
"139","2017-11-07",105,0,2017,11,7,1,45
"140","2017-11-08",112,0,2017,11,8,2,45
"141","2017-11-09",114,0,2017,11,9,3,45
"142","2017-11-10",62,0,2017,11,10,4,45
"143","2017-11-11",71,0,2017,11,11,5,45
"144","2017-11-12",61,0,2017,11,12,6,45
"145","2017-11-13",58,0,2017,11,13,0,46
"146","2017-11-14",79,0,2017,11,14,1,46
"147","2017-11-15",67,0,2017,11,15,2,46
"148","2017-11-16",68,0,2017,11,16,3,46
"149","2017-11-17",32,0,2017,11,17,4,46
"150","2017-11-18",40,0,2017,11,18,5,46
"151","2017-11-19",28,0,2017,11,19,6,46
"152","2017-11-20",47,0,2017,11,20,0,47
"153","2017-11-21",51,0,2017,11,21,1,47
"154","2017-11-22",57,0,2017,11,22,2,47
"155","2017-11-23",42,0,2017,11,23,3,47
"156","2017-11-24",39,0,2017,11,24,4,47
"157","2017-11-25",17,0,2017,11,25,5,47
"158","2017-11-26",34,0,2017,11,26,6,47
"159","2017-11-27",56,0,2017,11,27,0,48
"160","2017-11-28",48,0,2017,11,28,1,48
"161","2017-11-29",47,0,2017,11,29,2,48
"162","2017-11-30",32,0,2017,11,30,3,48
"163","2017-12-01",24,0,2017,12,1,4,48
"164","2017-12-02",30,0,2017,12,2,5,48
"165","2017-12-03",41,0,2017,12,3,6,48
"166","2017-12-04",35,0,2017,12,4,0,49
"167","2017-12-05",32,0,2017,12,5,1,49
"168","2017-12-06",22,0,2017,12,6,2,49
"169","2017-12-07",39,0,2017,12,7,3,49
"170","2017-12-08",24,0,2017,12,8,4,49
"171","2017-12-09",39,0,2017,12,9,5,49
"172","2017-12-10",16,0,2017,12,10,6,49
"173","2017-12-11",17,0,2017,12,11,0,50
"174","2017-12-12",26,0,2017,12,12,1,50
"175","2017-12-13",22,0,2017,12,13,2,50
"176","2017-12-14",21,0,2017,12,14,3,50
"177","2017-12-15",23,0,2017,12,15,4,50
"178","2017-12-16",26,0,2017,12,16,5,50
"179","2017-12-17",8,0,2017,12,17,6,50
"180","2017-12-18",11,0,2017,12,18,0,51
"181","2017-12-19",15,0,2017,12,19,1,51
"182","2017-12-20",21,0,2017,12,20,2,51
"183","2017-12-21",23,0,2017,12,21,3,51
"184","2017-12-22",23,0,2017,12,22,4,51
"185","2017-12-23",22,0,2017,12,23,5,51
"186","2017-12-24",21,0,2017,12,24,6,51
"187","2017-12-25",19,1,2017,12,25,0,52
"188","2017-12-26",18,0,2017,12,26,1,52
"189","2017-12-27",21,0,2017,12,27,2,52
"190","2017-12-28",20,0,2017,12,28,3,52
"191","2017-12-29",20,0,2017,12,29,4,52
"192","2017-12-30",6,0,2017,12,30,5,52
"193","2017-12-31",15,0,2017,12,31,6,52
"194","2018-01-01",9,1,2018,1,1,0,1
"195","2018-01-02",22,0,2018,1,2,1,1
"196","2018-01-03",23,0,2018,1,3,2,1
"197","2018-01-04",11,0,2018,1,4,3,1
"198","2018-01-05",21,0,2018,1,5,4,1
"199","2018-01-06",20,0,2018,1,6,5,1
"200","2018-01-07",20,0,2018,1,7,6,1
"201","2018-01-08",23,0,2018,1,8,0,2
"202","2018-01-09",14,0,2018,1,9,1,2
"203","2018-01-10",20,0,2018,1,10,2,2
"204","2018-01-11",15,0,2018,1,11,3,2
"205","2018-01-12",16,0,2018,1,12,4,2
"206","2018-01-13",15,0,2018,1,13,5,2
"207","2018-01-14",12,0,2018,1,14,6,2
"208","2018-01-15",31,0,2018,1,15,0,3
"209","2018-01-16",24,0,2018,1,16,1,3
"210","2018-01-17",14,0,2018,1,17,2,3
"211","2018-01-18",21,0,2018,1,18,3,3
"212","2018-01-19",23,0,2018,1,19,4,3
"213","2018-01-20",18,0,2018,1,20,5,3
"214","2018-01-21",25,0,2018,1,21,6,3
"215","2018-01-22",13,0,2018,1,22,0,4
"216","2018-01-23",18,0,2018,1,23,1,4
"217","2018-01-24",13,0,2018,1,24,2,4
"218","2018-01-25",12,0,2018,1,25,3,4
"219","2018-01-26",13,0,2018,1,26,4,4
"220","2018-01-27",9,0,2018,1,27,5,4
"221","2018-01-28",12,0,2018,1,28,6,4
"222","2018-01-29",15,0,2018,1,29,0,5
"223","2018-01-30",10,0,2018,1,30,1,5
"224","2018-01-31",15,0,2018,1,31,2,5
"225","2018-02-01",19,0,2018,2,1,3,5
"226","2018-02-02",27,0,2018,2,2,4,5
"227","2018-02-03",11,0,2018,2,3,5,5
"228","2018-02-04",10,0,2018,2,4,6,5
"229","2018-02-05",14,0,2018,2,5,0,6
"230","2018-02-06",11,0,2018,2,6,1,6
"231","2018-02-07",12,0,2018,2,7,2,6
"232","2018-02-08",19,0,2018,2,8,3,6
"233","2018-02-09",17,0,2018,2,9,4,6
"234","2018-02-10",7,0,2018,2,10,5,6
"235","2018-02-11",11,0,2018,2,11,6,6
"236","2018-02-12",16,0,2018,2,12,0,7
"237","2018-02-13",20,0,2018,2,13,1,7
"238","2018-02-14",14,0,2018,2,14,2,7
"239","2018-02-15",12,1,2018,2,15,3,7
"240","2018-02-16",8,1,2018,2,16,4,7
"241","2018-02-17",9,1,2018,2,17,5,7
"242","2018-02-18",17,0,2018,2,18,6,7
"243","2018-02-19",29,0,2018,2,19,0,8
"244","2018-02-20",27,0,2018,2,20,1,8
"245","2018-02-21",20,0,2018,2,21,2,8
"246","2018-02-22",29,0,2018,2,22,3,8
"247","2018-02-23",19,0,2018,2,23,4,8
"248","2018-02-24",21,0,2018,2,24,5,8
"249","2018-02-25",28,0,2018,2,25,6,8
"250","2018-02-26",30,0,2018,2,26,0,9
"251","2018-02-27",33,0,2018,2,27,1,9
"252","2018-02-28",14,0,2018,2,28,2,9
"253","2018-03-01",29,1,2018,3,1,3,9
"254","2018-03-02",46,0,2018,3,2,4,9
"255","2018-03-03",48,0,2018,3,3,5,9
"256","2018-03-04",32,0,2018,3,4,6,9
"257","2018-03-05",48,0,2018,3,5,0,10
"258","2018-03-06",50,0,2018,3,6,1,10
"259","2018-03-07",47,0,2018,3,7,2,10
"260","2018-03-08",38,0,2018,3,8,3,10
"261","2018-03-09",57,0,2018,3,9,4,10
"262","2018-03-10",52,0,2018,3,10,5,10
"263","2018-03-11",49,0,2018,3,11,6,10
"264","2018-03-12",55,0,2018,3,12,0,11
"265","2018-03-13",59,0,2018,3,13,1,11
"266","2018-03-14",90,0,2018,3,14,2,11
"267","2018-03-15",23,0,2018,3,15,3,11
"268","2018-03-16",54,0,2018,3,16,4,11
"269","2018-03-17",61,0,2018,3,17,5,11
"270","2018-03-18",53,0,2018,3,18,6,11
"271","2018-03-19",48,0,2018,3,19,0,12
"272","2018-03-20",50,0,2018,3,20,1,12
"273","2018-03-21",30,0,2018,3,21,2,12
"274","2018-03-22",63,0,2018,3,22,3,12
"275","2018-03-23",64,0,2018,3,23,4,12
"276","2018-03-24",57,0,2018,3,24,5,12
"277","2018-03-25",40,0,2018,3,25,6,12
"278","2018-03-26",48,0,2018,3,26,0,13
"279","2018-03-27",71,0,2018,3,27,1,13
"280","2018-03-28",93,0,2018,3,28,2,13
"281","2018-03-29",78,0,2018,3,29,3,13
"282","2018-03-30",90,0,2018,3,30,4,13
"283","2018-03-31",77,0,2018,3,31,5,13
"284","2018-04-01",80,0,2018,4,1,6,13
"285","2018-04-02",97,0,2018,4,2,0,14
"286","2018-04-03",82,0,2018,4,3,1,14
"287","2018-04-04",89,0,2018,4,4,2,14
"288","2018-04-05",17,0,2018,4,5,3,14
"289","2018-04-06",44,0,2018,4,6,4,14
"290","2018-04-07",29,0,2018,4,7,5,14
"291","2018-04-08",25,0,2018,4,8,6,14
"292","2018-04-09",73,0,2018,4,9,0,15
"293","2018-04-10",69,0,2018,4,10,1,15
"294","2018-04-11",0,0,2018,4,11,2,15
"295","2018-04-12",93,0,2018,4,12,3,15
"296","2018-04-13",90,0,2018,4,13,4,15
"297","2018-04-14",26,0,2018,4,14,5,15
"298","2018-04-15",38,0,2018,4,15,6,15
"299","2018-04-16",98,0,2018,4,16,0,16
"300","2018-04-17",103,0,2018,4,17,1,16
"301","2018-04-18",97,0,2018,4,18,2,16
"302","2018-04-19",82,0,2018,4,19,3,16
"303","2018-04-20",76,0,2018,4,20,4,16
"304","2018-04-21",77,0,2018,4,21,5,16
"305","2018-04-22",28,0,2018,4,22,6,16
"306","2018-04-23",3,0,2018,4,23,0,17
"307","2018-04-24",66,0,2018,4,24,1,17
"308","2018-04-25",111,0,2018,4,25,2,17
"309","2018-04-26",108,0,2018,4,26,3,17
"310","2018-04-27",108,0,2018,4,27,4,17
"311","2018-04-28",91,0,2018,4,28,5,17
"312","2018-04-29",81,0,2018,4,29,6,17
"313","2018-04-30",128,0,2018,4,30,0,18
"314","2018-05-01",109,1,2018,5,1,1,18
"315","2018-05-02",38,0,2018,5,2,2,18
"316","2018-05-03",88,0,2018,5,3,3,18
"317","2018-05-04",119,0,2018,5,4,4,18
"318","2018-05-05",94,1,2018,5,5,5,18
"319","2018-05-06",53,0,2018,5,6,6,18
"320","2018-05-07",105,1,2018,5,7,0,19
"321","2018-05-08",107,0,2018,5,8,1,19
"322","2018-05-09",123,0,2018,5,9,2,19
"323","2018-05-10",0,0,2018,5,10,3,19
"324","2018-05-11",142,0,2018,5,11,4,19
"325","2018-05-12",19,0,2018,5,12,5,19
"326","2018-05-13",83,0,2018,5,13,6,19
"327","2018-05-14",108,0,2018,5,14,0,20
"328","2018-05-15",114,0,2018,5,15,1,20
"329","2018-05-16",24,0,2018,5,16,2,20
"330","2018-05-17",16,0,2018,5,17,3,20
"331","2018-05-18",63,0,2018,5,18,4,20
"332","2018-05-19",123,0,2018,5,19,5,20
"333","2018-05-20",120,0,2018,5,20,6,20
"334","2018-05-21",154,0,2018,5,21,0,21
"335","2018-05-22",60,1,2018,5,22,1,21
"336","2018-05-23",108,0,2018,5,23,2,21
"337","2018-05-24",104,0,2018,5,24,3,21
"338","2018-05-25",97,0,2018,5,25,4,21
"339","2018-05-26",118,0,2018,5,26,5,21
"340","2018-05-27",139,0,2018,5,27,6,21
"341","2018-05-28",147,0,2018,5,28,0,22
"342","2018-05-29",90,0,2018,5,29,1,22
"343","2018-05-30",125,0,2018,5,30,2,22
"344","2018-05-31",110,0,2018,5,31,3,22
"345","2018-06-01",122,0,2018,6,1,4,22
"346","2018-06-02",111,0,2018,6,2,5,22
"347","2018-06-03",125,0,2018,6,3,6,22
"348","2018-06-04",127,0,2018,6,4,0,23
"349","2018-06-05",132,0,2018,6,5,1,23
"350","2018-06-06",125,1,2018,6,6,2,23
"351","2018-06-07",130,0,2018,6,7,3,23
"352","2018-06-08",136,0,2018,6,8,4,23
"353","2018-06-09",125,0,2018,6,9,5,23
"354","2018-06-10",113,0,2018,6,10,6,23
"355","2018-06-11",114,0,2018,6,11,0,24
"356","2018-06-12",149,0,2018,6,12,1,24
"357","2018-06-13",169,0,2018,6,13,2,24
"358","2018-06-14",137,0,2018,6,14,3,24
"359","2018-06-15",149,0,2018,6,15,4,24
"360","2018-06-16",145,0,2018,6,16,5,24
"361","2018-06-17",142,0,2018,6,17,6,24
"362","2018-06-18",123,0,2018,6,18,0,25
"363","2018-06-19",146,0,2018,6,19,1,25
"364","2018-06-20",150,0,2018,6,20,2,25
"365","2018-06-21",158,0,2018,6,21,3,25
"366","2018-06-22",158,0,2018,6,22,4,25
"367","2018-06-23",130,0,2018,6,23,5,25
"368","2018-06-24",118,0,2018,6,24,6,25
"369","2018-06-25",133,0,2018,6,25,0,26
"370","2018-06-26",36,0,2018,6,26,1,26
"371","2018-06-27",135,0,2018,6,27,2,26
"372","2018-06-28",91,0,2018,6,28,3,26
"373","2018-06-29",109,0,2018,6,29,4,26
"374","2018-06-30",85,0,2018,6,30,5,26
"375","2018-07-01",18,0,2018,7,1,6,26
"376","2018-07-02",16,0,2018,7,2,0,27
"377","2018-07-03",129,0,2018,7,3,1,27
"378","2018-07-04",131,0,2018,7,4,2,27
"379","2018-07-05",122,0,2018,7,5,3,27
"380","2018-07-06",146,0,2018,7,6,4,27
"381","2018-07-07",110,0,2018,7,7,5,27
"382","2018-07-08",147,0,2018,7,8,6,27
"383","2018-07-09",28,0,2018,7,9,0,28
"384","2018-07-10",78,0,2018,7,10,1,28
"385","2018-07-11",113,0,2018,7,11,2,28
"386","2018-07-12",117,0,2018,7,12,3,28
"387","2018-07-13",137,0,2018,7,13,4,28
"388","2018-07-14",119,0,2018,7,14,5,28
"389","2018-07-15",115,0,2018,7,15,6,28
"390","2018-07-16",130,0,2018,7,16,0,29
"391","2018-07-17",125,0,2018,7,17,1,29
"392","2018-07-18",132,0,2018,7,18,2,29
"393","2018-07-19",118,0,2018,7,19,3,29
"394","2018-07-20",112,0,2018,7,20,4,29
"395","2018-07-21",100,0,2018,7,21,5,29
"396","2018-07-22",88,0,2018,7,22,6,29
"397","2018-07-23",92,0,2018,7,23,0,30
"398","2018-07-24",91,0,2018,7,24,1,30
"399","2018-07-25",105,0,2018,7,25,2,30
"400","2018-07-26",89,0,2018,7,26,3,30
"401","2018-07-27",78,0,2018,7,27,4,30
"402","2018-07-28",71,0,2018,7,28,5,30
"403","2018-07-29",65,0,2018,7,29,6,30
"404","2018-07-30",107,0,2018,7,30,0,31
"405","2018-07-31",97,0,2018,7,31,1,31
"406","2018-08-01",81,0,2018,8,1,2,31
"407","2018-08-02",68,0,2018,8,2,3,31
"408","2018-08-03",76,0,2018,8,3,4,31
"409","2018-08-04",75,0,2018,8,4,5,31
"410","2018-08-05",82,0,2018,8,5,6,31
"411","2018-08-06",78,0,2018,8,6,0,32
"412","2018-08-07",107,0,2018,8,7,1,32
"413","2018-08-08",98,0,2018,8,8,2,32
"414","2018-08-09",70,0,2018,8,9,3,32
"415","2018-08-10",98,0,2018,8,10,4,32
"416","2018-08-11",80,0,2018,8,11,5,32
"417","2018-08-12",78,0,2018,8,12,6,32
"418","2018-08-13",102,0,2018,8,13,0,33
"419","2018-08-14",113,0,2018,8,14,1,33
"420","2018-08-15",65,1,2018,8,15,2,33
"421","2018-08-16",85,0,2018,8,16,3,33
"422","2018-08-17",123,0,2018,8,17,4,33
"423","2018-08-18",97,0,2018,8,18,5,33
"424","2018-08-19",72,0,2018,8,19,6,33
"425","2018-08-20",123,0,2018,8,20,0,34
"426","2018-08-21",107,0,2018,8,21,1,34
"427","2018-08-22",120,0,2018,8,22,2,34
"428","2018-08-23",65,0,2018,8,23,3,34
"429","2018-08-24",42,0,2018,8,24,4,34
"430","2018-08-25",102,0,2018,8,25,5,34
"431","2018-08-26",67,0,2018,8,26,6,34
"432","2018-08-27",80,0,2018,8,27,0,35
"433","2018-08-28",23,0,2018,8,28,1,35
"434","2018-08-29",28,0,2018,8,29,2,35
"435","2018-08-30",86,0,2018,8,30,3,35
"436","2018-08-31",123,0,2018,8,31,4,35
"437","2018-09-01",103,0,2018,9,1,5,35
"438","2018-09-02",116,0,2018,9,2,6,35
"439","2018-09-03",61,0,2018,9,3,0,36
"440","2018-09-04",138,0,2018,9,4,1,36
"441","2018-09-05",128,0,2018,9,5,2,36
"442","2018-09-06",117,0,2018,9,6,3,36
"443","2018-09-07",154,0,2018,9,7,4,36
"444","2018-09-08",110,0,2018,9,8,5,36
"445","2018-09-09",111,0,2018,9,9,6,36
"446","2018-09-10",149,0,2018,9,10,0,37
"447","2018-09-11",162,0,2018,9,11,1,37
"448","2018-09-12",142,0,2018,9,12,2,37
"449","2018-09-13",144,0,2018,9,13,3,37
"450","2018-09-14",137,0,2018,9,14,4,37
"451","2018-09-15",104,0,2018,9,15,5,37
"452","2018-09-16",69,0,2018,9,16,6,37
"453","2018-09-17",161,0,2018,9,17,0,38
"454","2018-09-18",0,0,2018,9,18,1,38
"455","2018-09-19",0,0,2018,9,19,2,38
"456","2018-09-20",64,0,2018,9,20,3,38
"457","2018-09-21",100,0,2018,9,21,4,38
"458","2018-09-22",99,0,2018,9,22,5,38
"459","2018-09-23",67,1,2018,9,23,6,38
"460","2018-09-24",38,1,2018,9,24,0,39
"461","2018-09-25",64,1,2018,9,25,1,39
"462","2018-09-26",118,1,2018,9,26,2,39
"463","2018-09-27",147,0,2018,9,27,3,39
"464","2018-09-28",0,0,2018,9,28,4,39
"465","2018-09-29",144,0,2018,9,29,5,39
"466","2018-09-30",0,0,2018,9,30,6,39
"467","2018-10-01",142,0,2018,10,1,0,40
"468","2018-10-02",0,0,2018,10,2,1,40
"469","2018-10-03",128,1,2018,10,3,2,40
"470","2018-10-04",0,0,2018,10,4,3,40
"471","2018-10-05",12,0,2018,10,5,4,40
"472","2018-10-06",63,0,2018,10,6,5,40
"473","2018-10-07",122,0,2018,10,7,6,40
"474","2018-10-08",132,0,2018,10,8,0,41
"475","2018-10-09",0,1,2018,10,9,1,41
"476","2018-10-10",104,0,2018,10,10,2,41
"477","2018-10-11",105,0,2018,10,11,3,41
"478","2018-10-12",119,0,2018,10,12,4,41
"479","2018-10-13",92,0,2018,10,13,5,41
"480","2018-10-14",87,0,2018,10,14,6,41
"481","2018-10-15",112,0,2018,10,15,0,42
"482","2018-10-16",114,0,2018,10,16,1,42
"483","2018-10-17",128,0,2018,10,17,2,42
"484","2018-10-18",131,0,2018,10,18,3,42
"485","2018-10-19",124,0,2018,10,19,4,42
"486","2018-10-20",86,0,2018,10,20,5,42
"487","2018-10-21",88,0,2018,10,21,6,42
"488","2018-10-22",116,0,2018,10,22,0,43
"489","2018-10-23",100,0,2018,10,23,1,43
"490","2018-10-24",123,0,2018,10,24,2,43
"491","2018-10-25",119,0,2018,10,25,3,43
"492","2018-10-26",53,0,2018,10,26,4,43
"493","2018-10-27",61,0,2018,10,27,5,43
"494","2018-10-28",38,0,2018,10,28,6,43
"495","2018-10-29",87,0,2018,10,29,0,44
"496","2018-10-30",84,0,2018,10,30,1,44
"497","2018-10-31",101,0,2018,10,31,2,44
"498","2018-11-01",94,0,2018,11,1,3,44
"499","2018-11-02",92,0,2018,11,2,4,44
"500","2018-11-03",0,0,2018,11,3,5,44
"501","2018-11-04",101,0,2018,11,4,6,44
"502","2018-11-05",113,0,2018,11,5,0,45
"503","2018-11-06",0,0,2018,11,6,1,45
"504","2018-11-07",80,0,2018,11,7,2,45
"505","2018-11-08",4,0,2018,11,8,3,45
"506","2018-11-09",0,0,2018,11,9,4,45
"507","2018-11-10",64,0,2018,11,10,5,45
"508","2018-11-11",50,0,2018,11,11,6,45
"509","2018-11-12",93,0,2018,11,12,0,46
"510","2018-11-13",97,0,2018,11,13,1,46
"511","2018-11-14",80,0,2018,11,14,2,46
"512","2018-11-15",86,0,2018,11,15,3,46
"513","2018-11-16",88,0,2018,11,16,4,46
"514","2018-11-17",50,0,2018,11,17,5,46
"515","2018-11-18",60,0,2018,11,18,6,46
"516","2018-11-19",75,0,2018,11,19,0,47
"517","2018-11-20",84,0,2018,11,20,1,47
"518","2018-11-21",65,0,2018,11,21,2,47
"519","2018-11-22",80,0,2018,11,22,3,47
"520","2018-11-23",65,0,2018,11,23,4,47
"521","2018-11-24",18,0,2018,11,24,5,47
"522","2018-11-25",46,0,2018,11,25,6,47
"523","2018-11-26",80,0,2018,11,26,0,48
"524","2018-11-27",54,0,2018,11,27,1,48
"525","2018-11-28",72,0,2018,11,28,2,48
"526","2018-11-29",71,0,2018,11,29,3,48
"527","2018-11-30",65,0,2018,11,30,4,48
"528","2018-12-01",95,0,2018,12,1,5,48
"529","2018-12-02",93,0,2018,12,2,6,48
"530","2018-12-03",44,0,2018,12,3,0,49
"531","2018-12-04",111,0,2018,12,4,1,49
"532","2018-12-05",95,0,2018,12,5,2,49
"533","2018-12-06",107,0,2018,12,6,3,49
"534","2018-12-07",68,0,2018,12,7,4,49
"535","2018-12-08",33,0,2018,12,8,5,49
"536","2018-12-09",36,0,2018,12,9,6,49
"537","2018-12-10",84,0,2018,12,10,0,50
"538","2018-12-11",78,0,2018,12,11,1,50
"539","2018-12-12",79,0,2018,12,12,2,50
"540","2018-12-13",48,0,2018,12,13,3,50
"541","2018-12-14",61,0,2018,12,14,4,50
"542","2018-12-15",37,0,2018,12,15,5,50
"543","2018-12-16",37,0,2018,12,16,6,50
"544","2018-12-17",70,0,2018,12,17,0,51
"545","2018-12-18",98,0,2018,12,18,1,51
"546","2018-12-19",98,0,2018,12,19,2,51
"547","2018-12-20",103,0,2018,12,20,3,51
"548","2018-12-21",102,0,2018,12,21,4,51
"549","2018-12-22",54,0,2018,12,22,5,51
"550","2018-12-23",48,0,2018,12,23,6,51
"551","2018-12-24",54,0,2018,12,24,0,52
"552","2018-12-25",39,1,2018,12,25,1,52
"553","2018-12-26",64,0,2018,12,26,2,52
"554","2018-12-27",47,0,2018,12,27,3,52
"555","2018-12-28",42,0,2018,12,28,4,52
"556","2018-12-29",23,0,2018,12,29,5,52
"557","2018-12-30",31,0,2018,12,30,6,52
"558","2018-12-31",48,0,2018,12,31,0,1
"559","2019-01-01",15,1,2019,1,1,1,1
"560","2019-01-02",29,0,2019,1,2,2,1
"561","2019-01-03",30,0,2019,1,3,3,1
"562","2019-01-04",30,0,2019,1,4,4,1
"563","2019-01-05",28,0,2019,1,5,5,1
"564","2019-01-06",21,0,2019,1,6,6,1
"565","2019-01-07",36,0,2019,1,7,0,2
"566","2019-01-08",34,0,2019,1,8,1,2
"567","2019-01-09",35,0,2019,1,9,2,2
"568","2019-01-10",42,0,2019,1,10,3,2
"569","2019-01-11",47,0,2019,1,11,4,2
"570","2019-01-12",23,0,2019,1,12,5,2
"571","2019-01-13",21,0,2019,1,13,6,2
"572","2019-01-14",37,0,2019,1,14,0,3
"573","2019-01-15",30,0,2019,1,15,1,3
"574","2019-01-16",34,0,2019,1,16,2,3
"575","2019-01-17",37,0,2019,1,17,3,3
"576","2019-01-18",40,0,2019,1,18,4,3
"577","2019-01-19",21,0,2019,1,19,5,3
"578","2019-01-20",21,0,2019,1,20,6,3
"579","2019-01-21",37,0,2019,1,21,0,4
"580","2019-01-22",40,0,2019,1,22,1,4
"581","2019-01-23",44,0,2019,1,23,2,4
"582","2019-01-24",46,0,2019,1,24,3,4
"583","2019-01-25",40,0,2019,1,25,4,4
"584","2019-01-26",30,0,2019,1,26,5,4
"585","2019-01-27",16,0,2019,1,27,6,4
"586","2019-01-28",39,0,2019,1,28,0,5
"587","2019-01-29",49,0,2019,1,29,1,5
"588","2019-01-30",46,0,2019,1,30,2,5
"589","2019-01-31",36,0,2019,1,31,3,5
"590","2019-02-01",25,0,2019,2,1,4,5
"591","2019-02-02",17,0,2019,2,2,5,5
"592","2019-02-03",3,0,2019,2,3,6,5
"593","2019-02-04",10,1,2019,2,4,0,6
"594","2019-02-05",12,1,2019,2,5,1,6
"595","2019-02-06",14,1,2019,2,6,2,6
"596","2019-02-07",28,0,2019,2,7,3,6
"597","2019-02-08",25,0,2019,2,8,4,6
"598","2019-02-09",28,0,2019,2,9,5,6
"599","2019-02-10",22,0,2019,2,10,6,6
"600","2019-02-11",32,0,2019,2,11,0,7
"601","2019-02-12",31,0,2019,2,12,1,7
"602","2019-02-13",40,0,2019,2,13,2,7
"603","2019-02-14",39,0,2019,2,14,3,7
"604","2019-02-15",25,0,2019,2,15,4,7
"605","2019-02-16",30,0,2019,2,16,5,7
"606","2019-02-17",20,0,2019,2,17,6,7
"607","2019-02-18",40,0,2019,2,18,0,8
"608","2019-02-19",26,0,2019,2,19,1,8
"609","2019-02-20",38,0,2019,2,20,2,8
"610","2019-02-21",36,0,2019,2,21,3,8
"611","2019-02-22",40,0,2019,2,22,4,8
"612","2019-02-23",37,0,2019,2,23,5,8
"613","2019-02-24",32,0,2019,2,24,6,8
"614","2019-02-25",37,0,2019,2,25,0,9
"615","2019-02-26",38,0,2019,2,26,1,9
"616","2019-02-27",68,0,2019,2,27,2,9
"617","2019-02-28",42,0,2019,2,28,3,9
"618","2019-03-01",43,1,2019,3,1,4,9
"619","2019-03-02",39,0,2019,3,2,5,9
"620","2019-03-03",32,0,2019,3,3,6,9
"621","2019-03-04",60,0,2019,3,4,0,10
"622","2019-03-05",45,0,2019,3,5,1,10
"623","2019-03-06",52,0,2019,3,6,2,10
"624","2019-03-07",63,0,2019,3,7,3,10
"625","2019-03-08",45,0,2019,3,8,4,10
"626","2019-03-09",49,0,2019,3,9,5,10
"627","2019-03-10",56,0,2019,3,10,6,10
"628","2019-03-11",71,0,2019,3,11,0,11
"629","2019-03-12",43,0,2019,3,12,1,11
"630","2019-03-13",59,0,2019,3,13,2,11
"631","2019-03-14",66,0,2019,3,14,3,11
"632","2019-03-15",34,0,2019,3,15,4,11
"633","2019-03-16",43,0,2019,3,16,5,11
"634","2019-03-17",47,0,2019,3,17,6,11
"635","2019-03-18",64,0,2019,3,18,0,12
"636","2019-03-19",68,0,2019,3,19,1,12
"637","2019-03-20",22,0,2019,3,20,2,12
"638","2019-03-21",66,0,2019,3,21,3,12
"639","2019-03-22",58,0,2019,3,22,4,12
"640","2019-03-23",44,0,2019,3,23,5,12
"641","2019-03-24",41,0,2019,3,24,6,12
"642","2019-03-25",59,0,2019,3,25,0,13
"643","2019-03-26",144,0,2019,3,26,1,13
"644","2019-03-27",119,0,2019,3,27,2,13
"645","2019-03-28",141,0,2019,3,28,3,13
"646","2019-03-29",124,0,2019,3,29,4,13
"647","2019-03-30",40,0,2019,3,30,5,13
"648","2019-03-31",73,0,2019,3,31,6,13
"649","2019-04-01",133,0,2019,4,1,0,14
"650","2019-04-02",111,0,2019,4,2,1,14
"651","2019-04-03",131,0,2019,4,3,2,14
"652","2019-04-04",132,0,2019,4,4,3,14
"653","2019-04-05",124,0,2019,4,5,4,14
"654","2019-04-06",58,0,2019,4,6,5,14
"655","2019-04-07",138,0,2019,4,7,6,14
"656","2019-04-08",146,0,2019,4,8,0,15
"657","2019-04-09",61,0,2019,4,9,1,15
"658","2019-04-10",98,0,2019,4,10,2,15
"659","2019-04-11",147,0,2019,4,11,3,15
"660","2019-04-12",171,0,2019,4,12,4,15
"661","2019-04-13",169,0,2019,4,13,5,15
"662","2019-04-14",89,0,2019,4,14,6,15
"663","2019-04-15",157,0,2019,4,15,0,16
"664","2019-04-16",179,0,2019,4,16,1,16
"665","2019-04-17",166,0,2019,4,17,2,16
"666","2019-04-18",151,0,2019,4,18,3,16
"667","2019-04-19",164,0,2019,4,19,4,16
"668","2019-04-20",105,0,2019,4,20,5,16
"669","2019-04-21",139,0,2019,4,21,6,16
"670","2019-04-22",192,0,2019,4,22,0,17
"671","2019-04-23",190,0,2019,4,23,1,17
"672","2019-04-24",155,0,2019,4,24,2,17
"673","2019-04-25",48,0,2019,4,25,3,17
"674","2019-04-26",92,0,2019,4,26,4,17
"675","2019-04-27",120,0,2019,4,27,5,17
"676","2019-04-28",161,0,2019,4,28,6,17
"677","2019-04-29",182,0,2019,4,29,0,18
"678","2019-04-30",213,0,2019,4,30,1,18
"679","2019-05-01",176,1,2019,5,1,2,18
"680","2019-05-02",204,0,2019,5,2,3,18
"681","2019-05-03",175,0,2019,5,3,4,18
"682","2019-05-04",150,0,2019,5,4,5,18
"683","2019-05-05",147,1,2019,5,5,6,18
"684","2019-05-06",191,1,2019,5,6,0,19
"685","2019-05-07",182,0,2019,5,7,1,19
"686","2019-05-08",181,0,2019,5,8,2,19
"687","2019-05-09",229,0,2019,5,9,3,19
"688","2019-05-10",208,0,2019,5,10,4,19
"689","2019-05-11",188,0,2019,5,11,5,19
"690","2019-05-12",225,1,2019,5,12,6,19
"691","2019-05-13",198,0,2019,5,13,0,20
"692","2019-05-14",194,0,2019,5,14,1,20
"693","2019-05-15",202,0,2019,5,15,2,20
"694","2019-05-16",215,0,2019,5,16,3,20
"695","2019-05-17",195,0,2019,5,17,4,20
"696","2019-05-18",186,0,2019,5,18,5,20
"697","2019-05-19",183,0,2019,5,19,6,20
"698","2019-05-20",180,0,2019,5,20,0,21
"699","2019-05-21",189,0,2019,5,21,1,21
"700","2019-05-22",218,0,2019,5,22,2,21
"701","2019-05-23",228,0,2019,5,23,3,21
"702","2019-05-24",217,0,2019,5,24,4,21
"703","2019-05-25",206,0,2019,5,25,5,21
"704","2019-05-26",195,0,2019,5,26,6,21
"705","2019-05-27",184,0,2019,5,27,0,22
"706","2019-05-28",191.4,0,2019,5,28,1,22
"707","2019-05-29",198.8,0,2019,5,29,2,22
"708","2019-05-30",206.2,0,2019,5,30,3,22
"709","2019-05-31",213.6,0,2019,5,31,4,22
"710","2019-06-01",221,0,2019,6,1,5,22
"711","2019-06-02",234,0,2019,6,2,6,22
"712","2019-06-03",216,0,2019,6,3,0,23
"713","2019-06-04",223,0,2019,6,4,1,23
"714","2019-06-05",240,0,2019,6,5,2,23
"715","2019-06-06",205.5,1,2019,6,6,3,23
"716","2019-06-07",171,0,2019,6,7,4,23
"717","2019-06-08",222,0,2019,6,8,5,23
"718","2019-06-09",176,0,2019,6,9,6,23
"719","2019-06-10",160,0,2019,6,10,0,24
"720","2019-06-11",234,0,2019,6,11,1,24
"721","2019-06-12",235,0,2019,6,12,2,24
"722","2019-06-13",192,0,2019,6,13,3,24
"723","2019-06-14",219,0,2019,6,14,4,24
"724","2019-06-15",205,0,2019,6,15,5,24
"725","2019-06-16",221,0,2019,6,16,6,24
"726","2019-06-17",226,0,2019,6,17,0,25
"727","2019-06-18",126,0,2019,6,18,1,25
"728","2019-06-19",215,0,2019,6,19,2,25
"729","2019-06-20",227,0,2019,6,20,3,25
"730","2019-06-21",266,0,2019,6,21,4,25
"731","2019-06-22",234,0,2019,6,22,5,25
"732","2019-06-23",235,0,2019,6,23,6,25
"733","2019-06-24",251,0,2019,6,24,0,26
"734","2019-06-25",259,0,2019,6,25,1,26
"735","2019-06-26",258,0,2019,6,26,2,26
"736","2019-06-27",213,0,2019,6,27,3,26
"737","2019-06-28",205,0,2019,6,28,4,26
"738","2019-06-29",146,0,2019,6,29,5,26
"739","2019-06-30",208,0,2019,6,30,6,26
"740","2019-07-01",271,0,2019,7,1,0,27
"741","2019-07-02",246,0,2019,7,2,1,27
"742","2019-07-03",243,0,2019,7,3,2,27
"743","2019-07-04",253,0,2019,7,4,3,27
"744","2019-07-05",231,0,2019,7,5,4,27
"745","2019-07-06",194,0,2019,7,6,5,27
"746","2019-07-07",216,0,2019,7,7,6,27
"747","2019-07-08",234,0,2019,7,8,0,28
"748","2019-07-09",257,0,2019,7,9,1,28
"749","2019-07-10",118,0,2019,7,10,2,28
"750","2019-07-11",190,0,2019,7,11,3,28
"751","2019-07-12",252,0,2019,7,12,4,28
"752","2019-07-13",206,0,2019,7,13,5,28
"753","2019-07-14",189,0,2019,7,14,6,28
"754","2019-07-15",158,0,2019,7,15,0,29
"755","2019-07-16",228,0,2019,7,16,1,29
"756","2019-07-17",248,0,2019,7,17,2,29
"757","2019-07-18",235,0,2019,7,18,3,29
"758","2019-07-19",215,0,2019,7,19,4,29
"759","2019-07-20",142,0,2019,7,20,5,29
"760","2019-07-21",131,0,2019,7,21,6,29
"761","2019-07-22",242,0,2019,7,22,0,30
"762","2019-07-23",203,0,2019,7,23,1,30
"763","2019-07-24",173,0,2019,7,24,2,30
"764","2019-07-25",122,0,2019,7,25,3,30
"765","2019-07-26",96,0,2019,7,26,4,30
"766","2019-07-27",151,0,2019,7,27,5,30
"767","2019-07-28",95,0,2019,7,28,6,30
"768","2019-07-29",216,0,2019,7,29,0,31
"769","2019-07-30",197,0,2019,7,30,1,31
"770","2019-07-31",81,0,2019,7,31,2,31
"771","2019-08-01",164,0,2019,8,1,3,31
"772","2019-08-02",188,0,2019,8,2,4,31
"773","2019-08-03",212,0,2019,8,3,5,31
"774","2019-08-04",236,0,2019,8,4,6,31
"775","2019-08-05",190,0,2019,8,5,0,32
"776","2019-08-06",170,0,2019,8,6,1,32
"777","2019-08-07",140,0,2019,8,7,2,32
"778","2019-08-08",188,0,2019,8,8,3,32
"779","2019-08-09",186,0,2019,8,9,4,32
"780","2019-08-10",152,0,2019,8,10,5,32
"781","2019-08-11",126,0,2019,8,11,6,32
"782","2019-08-12",84,0,2019,8,12,0,33
"783","2019-08-13",187,0,2019,8,13,1,33
"784","2019-08-14",171,0,2019,8,14,2,33
"785","2019-08-15",129,1,2019,8,15,3,33
"786","2019-08-16",199,0,2019,8,16,4,33
"787","2019-08-17",192,0,2019,8,17,5,33
"788","2019-08-18",192,0,2019,8,18,6,33
"789","2019-08-19",201,0,2019,8,19,0,34
"790","2019-08-20",223,0,2019,8,20,1,34
"791","2019-08-21",169,0,2019,8,21,2,34
"792","2019-08-22",187,0,2019,8,22,3,34
"793","2019-08-23",223,0,2019,8,23,4,34
"794","2019-08-24",216,0,2019,8,24,5,34
"795","2019-08-25",238,0,2019,8,25,6,34
"796","2019-08-26",241,0,2019,8,26,0,35
"797","2019-08-27",204,0,2019,8,27,1,35
"798","2019-08-28",185,0,2019,8,28,2,35
"799","2019-08-29",166,0,2019,8,29,3,35
"800","2019-08-30",239,0,2019,8,30,4,35
"801","2019-08-31",227,0,2019,8,31,5,35
"802","2019-09-01",271,0,2019,9,1,6,35
"803","2019-09-02",282,0,2019,9,2,0,36
"804","2019-09-03",255,0,2019,9,3,1,36
"805","2019-09-04",187,0,2019,9,4,2,36
"806","2019-09-05",119,0,2019,9,5,3,36
"807","2019-09-06",129.333333333333,0,2019,9,6,4,36
"808","2019-09-07",139.666666666667,0,2019,9,7,5,36
"809","2019-09-08",150,0,2019,9,8,6,36
"810","2019-09-09",200,0,2019,9,9,0,37
"811","2019-09-10",214,0,2019,9,10,1,37
"812","2019-09-11",228,0,2019,9,11,2,37
"813","2019-09-12",190.666666666667,1,2019,9,12,3,37
"814","2019-09-13",153.333333333333,1,2019,9,13,4,37
"815","2019-09-14",116,1,2019,9,14,5,37
"816","2019-09-15",201,0,2019,9,15,6,37
"817","2019-09-16",286,0,2019,9,16,0,38
"818","2019-09-17",288,0,2019,9,17,1,38
"819","2019-09-18",286,0,2019,9,18,2,38
"820","2019-09-19",249,0,2019,9,19,3,38
"821","2019-09-20",273,0,2019,9,20,4,38
"822","2019-09-21",260,0,2019,9,21,5,38
"823","2019-09-22",127,0,2019,9,22,6,38
"824","2019-09-23",274,0,2019,9,23,0,39
"825","2019-09-24",232,0,2019,9,24,1,39
"826","2019-09-25",245,0,2019,9,25,2,39
"827","2019-09-26",257,0,2019,9,26,3,39
"828","2019-09-27",270,0,2019,9,27,4,39
"829","2019-09-28",260,0,2019,9,28,5,39
"830","2019-09-29",254,0,2019,9,29,6,39
"831","2019-09-30",223,0,2019,9,30,0,40
"832","2019-10-01",264,0,2019,10,1,1,40
"833","2019-10-02",243.5,0,2019,10,2,2,40
"834","2019-10-03",223,1,2019,10,3,3,40
"835","2019-10-04",275,0,2019,10,4,4,40
"836","2019-10-05",209,0,2019,10,5,5,40
"837","2019-10-06",210,0,2019,10,6,6,40
"838","2019-10-07",228,0,2019,10,7,0,41
"839","2019-10-08",246,0,2019,10,8,1,41
"840","2019-10-09",211,1,2019,10,9,2,41
"841","2019-10-10",269,0,2019,10,10,3,41
"842","2019-10-11",260,0,2019,10,11,4,41
"843","2019-10-12",223,0,2019,10,12,5,41
"844","2019-10-13",230,0,2019,10,13,6,41
"845","2019-10-14",239,0,2019,10,14,0,42
"846","2019-10-15",230,0,2019,10,15,1,42
"847","2019-10-16",243,0,2019,10,16,2,42
"848","2019-10-17",259,0,2019,10,17,3,42
"849","2019-10-18",232,0,2019,10,18,4,42
"850","2019-10-19",261,0,2019,10,19,5,42
"851","2019-10-20",229,0,2019,10,20,6,42
"852","2019-10-21",235,0,2019,10,21,0,43
"853","2019-10-22",242,0,2019,10,22,1,43
"854","2019-10-23",251,0,2019,10,23,2,43
"855","2019-10-24",253,0,2019,10,24,3,43
"856","2019-10-25",253,0,2019,10,25,4,43
"857","2019-10-26",202,0,2019,10,26,5,43
"858","2019-10-27",179,0,2019,10,27,6,43
"859","2019-10-28",198,0,2019,10,28,0,44
"860","2019-10-29",215,0,2019,10,29,1,44
"861","2019-10-30",243,0,2019,10,30,2,44
"862","2019-10-31",272,0,2019,10,31,3,44
"863","2019-11-01",273,0,2019,11,1,4,44
"864","2019-11-02",230,0,2019,11,2,5,44
"865","2019-11-03",217,0,2019,11,3,6,44
"866","2019-11-04",278,0,2019,11,4,0,45
"867","2019-11-05",260,0,2019,11,5,1,45
"868","2019-11-06",263,0,2019,11,6,2,45
"869","2019-11-07",239,0,2019,11,7,3,45
"870","2019-11-08",231,0,2019,11,8,4,45
"871","2019-11-09",213,0,2019,11,9,5,45
"872","2019-11-10",125,0,2019,11,10,6,45
"873","2019-11-11",219,0,2019,11,11,0,46
"874","2019-11-12",218,0,2019,11,12,1,46
"875","2019-11-13",119,0,2019,11,13,2,46
"876","2019-11-14",145,0,2019,11,14,3,46
"877","2019-11-15",66,0,2019,11,15,4,46
"878","2019-11-16",149,0,2019,11,16,5,46
"879","2019-11-17",138.5,0,2019,11,17,6,46
"880","2019-11-18",128,0,2019,11,18,0,47
"881","2019-11-19",133,0,2019,11,19,1,47
"882","2019-11-20",124,0,2019,11,20,2,47
"883","2019-11-21",159,0,2019,11,21,3,47
"884","2019-11-22",179,0,2019,11,22,4,47
"885","2019-11-23",153,0,2019,11,23,5,47
"886","2019-11-24",107,0,2019,11,24,6,47
"887","2019-11-25",157,0,2019,11,25,0,48
"888","2019-11-26",181,0,2019,11,26,1,48
"889","2019-11-27",171,0,2019,11,27,2,48
"890","2019-11-28",123,0,2019,11,28,3,48
"891","2019-11-29",148,0,2019,11,29,4,48
"892","2019-11-30",110,0,2019,11,30,5,48
"893","2019-12-01",30,0,2019,12,1,6,48
"894","2019-12-02",113,0,2019,12,2,0,49
"895","2019-12-03",98,0,2019,12,3,1,49
"896","2019-12-04",115,0,2019,12,4,2,49
"897","2019-12-05",98,0,2019,12,5,3,49
"898","2019-12-06",85,0,2019,12,6,4,49
"899","2019-12-07",64,0,2019,12,7,5,49
"900","2019-12-08",97,0,2019,12,8,6,49
"901","2019-12-09",114,0,2019,12,9,0,50
"902","2019-12-10",108,0,2019,12,10,1,50
"903","2019-12-11",124,0,2019,12,11,2,50
"904","2019-12-12",109,0,2019,12,12,3,50
"905","2019-12-13",126,0,2019,12,13,4,50
"906","2019-12-14",77,0,2019,12,14,5,50
"907","2019-12-15",87,0,2019,12,15,6,50
"908","2019-12-16",139,0,2019,12,16,0,51
"909","2019-12-17",93,0,2019,12,17,1,51
"910","2019-12-18",101,0,2019,12,18,2,51
"911","2019-12-19",120,0,2019,12,19,3,51
"912","2019-12-20",102,0,2019,12,20,4,51
"913","2019-12-21",49,0,2019,12,21,5,51
"914","2019-12-22",81,0,2019,12,22,6,51
"915","2019-12-23",78,0,2019,12,23,0,52
"916","2019-12-24",99,0,2019,12,24,1,52
"917","2019-12-25",60,1,2019,12,25,2,52
"918","2019-12-26",91,0,2019,12,26,3,52
"919","2019-12-27",81,0,2019,12,27,4,52
"920","2019-12-28",79,0,2019,12,28,5,52
"921","2019-12-29",61,0,2019,12,29,6,52
"922","2019-12-30",77,0,2019,12,30,0,1
"923","2019-12-31",39,0,2019,12,31,1,1
