date,cnt_station,cnt_bike
2017-01-01,432,5794 
2017-01-02,432,5794 
2017-01-03,432,5794 
2017-01-04,432,5794 
2017-01-05,432,5794 
2017-01-06,432,5794 
2017-01-07,432,5794 
2017-01-08,432,5794 
2017-01-09,432,5794 
2017-01-10,432,5794 
2017-01-11,432,5794 
2017-01-12,432,5794 
2017-01-13,432,5794 
2017-01-14,432,5794 
2017-01-15,432,5794 
2017-01-16,432,5794 
2017-01-17,432,5794 
2017-01-18,432,5794 
2017-01-19,432,5794 
2017-01-20,432,5794 
2017-01-21,432,5794 
2017-01-22,432,5794 
2017-01-23,432,5794 
2017-01-24,432,5794 
2017-01-25,432,5794 
2017-01-26,432,5794 
2017-01-27,432,5794 
2017-01-28,432,5794 
2017-01-29,432,5794 
2017-01-30,432,5794 
2017-01-31,432,5794 
2017-02-01,432,5794 
2017-02-02,432,5794 
2017-02-03,432,5794 
2017-02-04,432,5794 
2017-02-05,432,5794 
2017-02-06,432,5794 
2017-02-07,432,5794 
2017-02-08,432,5794 
2017-02-09,432,5794 
2017-02-10,432,5794 
2017-02-11,432,5794 
2017-02-12,432,5794 
2017-02-13,432,5794 
2017-02-14,432,5794 
2017-02-15,432,5794 
2017-02-16,432,5794 
2017-02-17,432,5794 
2017-02-18,432,5794 
2017-02-19,432,5794 
2017-02-20,432,5794 
2017-02-21,432,5794 
2017-02-22,432,5794 
2017-02-23,432,5794 
2017-02-24,432,5794 
2017-02-25,432,5794 
2017-02-26,432,5794 
2017-02-27,432,5794 
2017-02-28,432,5794 
2017-03-01,432,5794 
2017-03-02,432,5794 
2017-03-03,432,5794 
2017-03-04,432,5794 
2017-03-05,432,5794 
2017-03-06,432,5794 
2017-03-07,432,5794 
2017-03-08,432,5794 
2017-03-09,432,5794 
2017-03-10,432,5794 
2017-03-11,432,5794 
2017-03-12,432,5794 
2017-03-13,432,5794 
2017-03-14,432,5794 
2017-03-15,432,5794 
2017-03-16,432,5794 
2017-03-17,432,5794 
2017-03-18,432,5794 
2017-03-19,432,5794 
2017-03-20,432,5794 
2017-03-21,432,5794 
2017-03-22,432,5794 
2017-03-23,432,5794 
2017-03-24,432,5794 
2017-03-25,432,5794 
2017-03-26,432,5794 
2017-03-27,432,5794 
2017-03-28,432,5794 
2017-03-29,432,5794 
2017-03-30,432,5794 
2017-03-31,432,5794 
2017-04-01,432,5794 
2017-04-02,432,5794 
2017-04-03,432,5794 
2017-04-04,432,5794 
2017-04-05,432,5794 
2017-04-06,432,5794 
2017-04-07,432,5794 
2017-04-08,432,5794 
2017-04-09,432,5794 
2017-04-10,432,5794 
2017-04-11,432,5794 
2017-04-12,432,5794 
2017-04-13,432,5794 
2017-04-14,432,5794 
2017-04-15,432,5794 
2017-04-16,432,5794 
2017-04-17,432,5794 
2017-04-18,432,5794 
2017-04-19,432,5794 
2017-04-20,453,6105 
2017-04-21,453,6105 
2017-04-22,453,6105 
2017-04-23,453,6105 
2017-04-24,453,6105 
2017-04-25,497,6649 
2017-04-26,497,6649 
2017-04-27,533,7087 
2017-04-28,533,7087 
2017-04-29,533,7087 
2017-04-30,533,7087 
2017-05-01,533,7087 
2017-05-02,533,7087 
2017-05-03,535,7107 
2017-05-04,535,7107 
2017-05-05,535,7107 
2017-05-06,535,7107 
2017-05-07,535,7107 
2017-05-08,535,7107 
2017-05-09,574,7619 
2017-05-10,574,7619 
2017-05-11,575,7629 
2017-05-12,607,7984 
2017-05-13,630,8302 
2017-05-14,630,8302 
2017-05-15,630,8302 
2017-05-16,630,8302 
2017-05-17,630,8302 
2017-05-18,630,8302 
2017-05-19,630,8302 
2017-05-20,630,8302 
2017-05-21,630,8302 
2017-05-22,630,8302 
2017-05-23,630,8302 
2017-05-24,630,8302 
2017-05-25,630,8302 
2017-05-26,630,8302 
2017-05-27,655,8612 
2017-05-28,655,8612 
2017-05-29,655,8612 
2017-05-30,655,8612 
2017-05-31,655,8612 
2017-06-01,655,8612 
2017-06-02,691,9223 
2017-06-03,691,9223 
2017-06-04,691,9223 
2017-06-05,691,9223 
2017-06-06,691,9223 
2017-06-07,691,9223 
2017-06-08,691,9223 
2017-06-09,691,9223 
2017-06-10,691,9223 
2017-06-11,691,9223 
2017-06-12,691,9223 
2017-06-13,692,9233 
2017-06-14,737,9787 
2017-06-15,737,9787 
2017-06-16,737,9787 
2017-06-17,737,9787 
2017-06-18,737,9787 
2017-06-19,737,9787 
2017-06-20,737,9787 
2017-06-21,743,9855 
2017-06-22,743,9855 
2017-06-23,790,10415 
2017-06-24,790,10415 
2017-06-25,792,10455 
2017-06-26,792,10455 
2017-06-27,792,10455 
2017-06-28,825,10916 
2017-06-29,826,10926 
2017-06-30,826,10926 
2017-07-01,827,10936 
2017-07-02,827,10936 
2017-07-03,827,10936 
2017-07-04,827,10936 
2017-07-05,827,10936 
2017-07-06,828,10946 
2017-07-07,828,10946 
2017-07-08,828,10946 
2017-07-09,828,10946 
2017-07-10,828,10946 
2017-07-11,828,10946 
2017-07-12,830,10966 
2017-07-13,830,10966 
2017-07-14,830,10966 
2017-07-15,830,10966 
2017-07-16,830,10966 
2017-07-17,830,10966 
2017-07-18,830,10966 
2017-07-19,830,10966 
2017-07-20,830,10966 
2017-07-21,830,10966 
2017-07-22,830,10966 
2017-07-23,830,10966 
2017-07-24,830,10966 
2017-07-25,830,10966 
2017-07-26,830,10966 
2017-07-27,830,10966 
2017-07-28,831,10976 
2017-07-29,831,10976 
2017-07-30,831,10976 
2017-07-31,831,10976 
2017-08-01,831,10976 
2017-08-02,836,11026 
2017-08-03,836,11026 
2017-08-04,841,11090 
2017-08-05,841,11090 
2017-08-06,841,11090 
2017-08-07,841,11090 
2017-08-08,841,11090 
2017-08-09,841,11090 
2017-08-10,842,11100 
2017-08-11,842,11100 
2017-08-12,842,11100 
2017-08-13,842,11100 
2017-08-14,842,11100 
2017-08-15,842,11100 
2017-08-16,842,11100 
2017-08-17,842,11100 
2017-08-18,842,11100 
2017-08-19,842,11100 
2017-08-20,842,11100 
2017-08-21,842,11100 
2017-08-22,853,11226 
2017-08-23,856,11261 
2017-08-24,857,11268 
2017-08-25,858,11278 
2017-08-26,859,11293 
2017-08-27,859,11293 
2017-08-28,859,11293 
2017-08-29,861,11321 
2017-08-30,861,11321 
2017-08-31,866,11401 
2017-09-01,867,11414 
2017-09-02,868,11422 
2017-09-03,868,11422 
2017-09-04,868,11422 
2017-09-05,869,11430 
2017-09-06,869,11430 
2017-09-07,869,11430 
2017-09-08,871,11463 
2017-09-09,871,11463 
2017-09-10,871,11463 
2017-09-11,871,11463 
2017-09-12,871,11463 
2017-09-13,871,11463 
2017-09-14,871,11463 
2017-09-15,871,11463 
2017-09-16,871,11463 
2017-09-17,871,11463 
2017-09-18,871,11463 
2017-09-19,871,11463 
2017-09-20,871,11463 
2017-09-21,871,11463 
2017-09-22,871,11463 
2017-09-23,871,11463 
2017-09-24,871,11463 
2017-09-25,871,11463 
2017-09-26,871,11463 
2017-09-27,871,11463 
2017-09-28,871,11463 
2017-09-29,871,11463 
2017-09-30,871,11463 
2017-10-01,871,11463 
2017-10-02,871,11463 
2017-10-03,871,11463 
2017-10-04,871,11463 
2017-10-05,871,11463 
2017-10-06,871,11463 
2017-10-07,871,11463 
2017-10-08,871,11463 
2017-10-09,871,11463 
2017-10-10,871,11463 
2017-10-11,871,11463 
2017-10-12,871,11463 
2017-10-13,871,11463 
2017-10-14,871,11463 
2017-10-15,871,11463 
2017-10-16,871,11463 
2017-10-17,871,11463 
2017-10-18,871,11463 
2017-10-19,873,11478 
2017-10-20,873,11478 
2017-10-21,873,11478 
2017-10-22,873,11478 
2017-10-23,873,11478 
2017-10-24,873,11478 
2017-10-25,873,11478 
2017-10-26,873,11478 
2017-10-27,873,11478 
2017-10-28,873,11478 
2017-10-29,873,11478 
2017-10-30,873,11478 
2017-10-31,873,11478 
2017-11-01,873,11478 
2017-11-02,1049,13661 
2017-11-03,1049,13661 
2017-11-04,1049,13661 
2017-11-05,1049,13661 
2017-11-06,1049,13661 
2017-11-07,1049,13661 
2017-11-08,1049,13661 
2017-11-09,1049,13661 
2017-11-10,1049,13661 
2017-11-11,1049,13661 
2017-11-12,1049,13661 
2017-11-13,1049,13661 
2017-11-14,1085,14079 
2017-11-15,1085,14079 
2017-11-16,1085,14079 
2017-11-17,1085,14079 
2017-11-18,1085,14079 
2017-11-19,1085,14079 
2017-11-20,1085,14079 
2017-11-21,1085,14079 
2017-11-22,1085,14079 
2017-11-23,1085,14079 
2017-11-24,1085,14079 
2017-11-25,1085,14079 
2017-11-26,1085,14079 
2017-11-27,1085,14079 
2017-11-28,1085,14079 
2017-11-29,1164,15049 
2017-11-30,1165,15064 
2017-12-01,1165,15064 
2017-12-02,1165,15064 
2017-12-03,1165,15064 
2017-12-04,1165,15064 
2017-12-05,1165,15064 
2017-12-06,1165,15064 
2017-12-07,1165,15064 
2017-12-08,1165,15064 
2017-12-09,1166,15084 
2017-12-10,1166,15084 
2017-12-11,1166,15084 
2017-12-12,1166,15084 
2017-12-13,1166,15084 
2017-12-14,1166,15084 
2017-12-15,1166,15084 
2017-12-16,1166,15084 
2017-12-17,1166,15084 
2017-12-18,1166,15084 
2017-12-19,1166,15084 
2017-12-20,1166,15084 
2017-12-21,1166,15084 
2017-12-22,1166,15084 
2017-12-23,1189,15382 
2017-12-24,1189,15382 
2017-12-25,1189,15382 
2017-12-26,1189,15382 
2017-12-27,1189,15382 
2017-12-28,1189,15382 
2017-12-29,1189,15382 
2017-12-30,1189,15382 
2017-12-31,1189,15382 
2018-01-01,1189,15382 
2018-01-02,1189,15382 
2018-01-03,1189,15382 
2018-01-04,1189,15382 
2018-01-05,1189,15382 
2018-01-06,1189,15382 
2018-01-07,1189,15382 
2018-01-08,1189,15382 
2018-01-09,1189,15382 
2018-01-10,1189,15382 
2018-01-11,1189,15382 
2018-01-12,1189,15382 
2018-01-13,1189,15382 
2018-01-14,1189,15382 
2018-01-15,1189,15382 
2018-01-16,1189,15382 
2018-01-17,1192,15412 
2018-01-18,1192,15412 
2018-01-19,1192,15412 
2018-01-20,1192,15412 
2018-01-21,1192,15412 
2018-01-22,1192,15412 
2018-01-23,1192,15412 
2018-01-24,1192,15412 
2018-01-25,1192,15412 
2018-01-26,1192,15412 
2018-01-27,1195,15445 
2018-01-28,1195,15445 
2018-01-29,1195,15445 
2018-01-30,1195,15445 
2018-01-31,1195,15445 
2018-02-01,1195,15445 
2018-02-02,1195,15445 
2018-02-03,1195,15445 
2018-02-04,1195,15445 
2018-02-05,1195,15445 
2018-02-06,1195,15445 
2018-02-07,1195,15445 
2018-02-08,1195,15445 
2018-02-09,1195,15445 
2018-02-10,1195,15445 
2018-02-11,1195,15445 
2018-02-12,1195,15445 
2018-02-13,1195,15445 
2018-02-14,1196,15455 
2018-02-15,1196,15455 
2018-02-16,1196,15455 
2018-02-17,1196,15455 
2018-02-18,1196,15455 
2018-02-19,1196,15455 
2018-02-20,1196,15455 
2018-02-21,1196,15455 
2018-02-22,1196,15455 
2018-02-23,1196,15455 
2018-02-24,1196,15455 
2018-02-25,1196,15455 
2018-02-26,1196,15455 
2018-02-27,1236,15915 
2018-02-28,1236,15915 
2018-03-01,1236,15915 
2018-03-02,1236,15915 
2018-03-03,1236,15915 
2018-03-04,1236,15915 
2018-03-05,1236,15915 
2018-03-06,1236,15915 
2018-03-07,1236,15915 
2018-03-08,1236,15915 
2018-03-09,1236,15915 
2018-03-10,1236,15915 
2018-03-11,1236,15915 
2018-03-12,1236,15915 
2018-03-13,1236,15915 
2018-03-14,1236,15915 
2018-03-15,1236,15915 
2018-03-16,1238,15940 
2018-03-17,1238,15940 
2018-03-18,1238,15940 
2018-03-19,1238,15940 
2018-03-20,1238,15940 
2018-03-21,1238,15940 
2018-03-22,1238,15940 
2018-03-23,1238,15940 
2018-03-24,1239,15950 
2018-03-25,1239,15950 
2018-03-26,1239,15950 
2018-03-27,1239,15950 
2018-03-28,1239,15950 
2018-03-29,1239,15950 
2018-03-30,1239,15950 
2018-03-31,1239,15950 
2018-04-01,1239,15950 
2018-04-02,1239,15950 
2018-04-03,1239,15950 
2018-04-04,1239,15950 
2018-04-05,1239,15950 
2018-04-06,1239,15950 
2018-04-07,1239,15950 
2018-04-08,1239,15950 
2018-04-09,1239,15950 
2018-04-10,1240,15965 
2018-04-11,1240,15965 
2018-04-12,1240,15965 
2018-04-13,1240,15965 
2018-04-14,1240,15965 
2018-04-15,1240,15965 
2018-04-16,1240,15965 
2018-04-17,1241,15975 
2018-04-18,1241,15975 
2018-04-19,1241,15975 
2018-04-20,1241,15975 
2018-04-21,1241,15975 
2018-04-22,1241,15975 
2018-04-23,1241,15975 
2018-04-24,1241,15975 
2018-04-25,1241,15975 
2018-04-26,1241,15975 
2018-04-27,1241,15975 
2018-04-28,1241,15975 
2018-04-29,1241,15975 
2018-04-30,1241,15975 
2018-05-01,1242,15988 
2018-05-02,1242,15988 
2018-05-03,1242,15988 
2018-05-04,1242,15988 
2018-05-05,1242,15988 
2018-05-06,1242,15988 
2018-05-07,1242,15988 
2018-05-08,1242,15988 
2018-05-09,1242,15988 
2018-05-10,1242,15988 
2018-05-11,1242,15988 
2018-05-12,1242,15988 
2018-05-13,1242,15988 
2018-05-14,1242,15988 
2018-05-15,1242,15988 
2018-05-16,1242,15988 
2018-05-17,1242,15988 
2018-05-18,1242,15988 
2018-05-19,1242,15988 
2018-05-20,1242,15988 
2018-05-21,1242,15988 
2018-05-22,1242,15988 
2018-05-23,1242,15988 
2018-05-24,1242,15988 
2018-05-25,1242,15988 
2018-05-26,1242,15988 
2018-05-27,1242,15988 
2018-05-28,1242,15988 
2018-05-29,1242,15988 
2018-05-30,1243,15998 
2018-05-31,1243,15998 
2018-06-01,1243,15998 
2018-06-02,1243,15998 
2018-06-03,1243,15998 
2018-06-04,1243,15998 
2018-06-05,1243,15998 
2018-06-06,1243,15998 
2018-06-07,1243,15998 
2018-06-08,1243,15998 
2018-06-09,1243,15998 
2018-06-10,1243,15998 
2018-06-11,1243,15998 
2018-06-12,1243,15998 
2018-06-13,1243,15998 
2018-06-14,1243,15998 
2018-06-15,1243,15998 
2018-06-16,1243,15998 
2018-06-17,1243,15998 
2018-06-18,1243,15998 
2018-06-19,1243,15998 
2018-06-20,1243,15998 
2018-06-21,1243,15998 
2018-06-22,1243,15998 
2018-06-23,1243,15998 
2018-06-24,1243,15998 
2018-06-25,1243,15998 
2018-06-26,1243,15998 
2018-06-27,1243,15998 
2018-06-28,1243,15998 
2018-06-29,1243,15998 
2018-06-30,1243,15998 
2018-07-01,1243,15998 
2018-07-02,1244,16013 
2018-07-03,1244,16013 
2018-07-04,1249,16063 
2018-07-05,1249,16063 
2018-07-06,1249,16063 
2018-07-07,1249,16063 
2018-07-08,1249,16063 
2018-07-09,1249,16063 
2018-07-10,1249,16063 
2018-07-11,1249,16063 
2018-07-12,1249,16063 
2018-07-13,1249,16063 
2018-07-14,1249,16063 
2018-07-15,1249,16063 
2018-07-16,1249,16063 
2018-07-17,1249,16063 
2018-07-18,1249,16063 
2018-07-19,1249,16063 
2018-07-20,1249,16063 
2018-07-21,1249,16063 
2018-07-22,1249,16063 
2018-07-23,1249,16063 
2018-07-24,1249,16063 
2018-07-25,1249,16063 
2018-07-26,1249,16063 
2018-07-27,1250,16073 
2018-07-28,1250,16073 
2018-07-29,1250,16073 
2018-07-30,1250,16073 
2018-07-31,1250,16073 
2018-08-01,1250,16073 
2018-08-02,1250,16073 
2018-08-03,1250,16073 
2018-08-04,1250,16073 
2018-08-05,1250,16073 
2018-08-06,1250,16073 
2018-08-07,1250,16073 
2018-08-08,1250,16073 
2018-08-09,1250,16073 
2018-08-10,1250,16073 
2018-08-11,1250,16073 
2018-08-12,1250,16073 
2018-08-13,1250,16073 
2018-08-14,1250,16073 
2018-08-15,1250,16073 
2018-08-16,1250,16073 
2018-08-17,1250,16073 
2018-08-18,1250,16073 
2018-08-19,1250,16073 
2018-08-20,1250,16073 
2018-08-21,1250,16073 
2018-08-22,1250,16073 
2018-08-23,1250,16073 
2018-08-24,1250,16073 
2018-08-25,1250,16073 
2018-08-26,1250,16073 
2018-08-27,1250,16073 
2018-08-28,1251,16083 
2018-08-29,1252,16096 
2018-08-30,1256,16134 
2018-08-31,1259,16178 
2018-09-01,1259,16178 
2018-09-02,1259,16178 
2018-09-03,1263,16216 
2018-09-04,1263,16216 
2018-09-05,1263,16216 
2018-09-06,1263,16216 
2018-09-07,1267,16266 
2018-09-08,1267,16266 
2018-09-09,1268,16288 
2018-09-10,1272,16340 
2018-09-11,1274,16363 
2018-09-12,1277,16402 
2018-09-13,1279,16427 
2018-09-14,1285,16497 
2018-09-15,1285,16497 
2018-09-16,1285,16497 
2018-09-17,1285,16497 
2018-09-18,1290,16555 
2018-09-19,1294,16605 
2018-09-20,1296,16624 
2018-09-21,1296,16624 
2018-09-22,1296,16624 
2018-09-23,1296,16624 
2018-09-24,1296,16624 
2018-09-25,1296,16624 
2018-09-26,1296,16624 
2018-09-27,1302,16684 
2018-09-28,1311,16780 
2018-09-29,1311,16780 
2018-09-30,1311,16780 
2018-10-01,1313,16800 
2018-10-02,1317,16843 
2018-10-03,1317,16843 
2018-10-04,1326,16942 
2018-10-05,1326,16942 
2018-10-06,1326,16942 
2018-10-07,1327,16952 
2018-10-08,1336,17067 
2018-10-09,1336,17067 
2018-10-10,1342,17142 
2018-10-11,1345,17179 
2018-10-12,1352,17259 
2018-10-13,1352,17259 
2018-10-14,1353,17269 
2018-10-15,1358,17324 
2018-10-16,1362,17370 
2018-10-17,1363,17382 
2018-10-18,1369,17444 
2018-10-19,1370,17455 
2018-10-20,1370,17455 
2018-10-21,1370,17455 
2018-10-22,1377,17531 
2018-10-23,1379,17559 
2018-10-24,1385,17642 
2018-10-25,1388,17682 
2018-10-26,1393,17753 
2018-10-27,1407,17926 
2018-10-28,1407,17926 
2018-10-29,1416,18025 
2018-10-30,1420,18062 
2018-10-31,1422,18097 
2018-11-01,1422,18097 
2018-11-02,1435,18230 
2018-11-03,1435,18230 
2018-11-04,1440,18300 
2018-11-05,1443,18335 
2018-11-06,1443,18335 
2018-11-07,1443,18335 
2018-11-08,1443,18335 
2018-11-09,1443,18335 
2018-11-10,1443,18335 
2018-11-11,1443,18335 
2018-11-12,1444,18350 
2018-11-13,1444,18350 
2018-11-14,1463,18621 
2018-11-15,1463,18621 
2018-11-16,1463,18621 
2018-11-17,1463,18621 
2018-11-18,1463,18621 
2018-11-19,1463,18621 
2018-11-20,1472,18748 
2018-11-21,1477,18804 
2018-11-22,1479,18829 
2018-11-23,1479,18829 
2018-11-24,1479,18829 
2018-11-25,1479,18829 
2018-11-26,1481,18847 
2018-11-27,1483,18872 
2018-11-28,1483,18872 
2018-11-29,1483,18872 
2018-11-30,1484,18891 
2018-12-01,1484,18891 
2018-12-02,1484,18891 
2018-12-03,1485,18905 
2018-12-04,1489,18957 
2018-12-05,1489,18957 
2018-12-06,1493,18997 
2018-12-07,1493,18997 
2018-12-08,1493,18997 
2018-12-09,1493,18997 
2018-12-10,1493,18997 
2018-12-11,1493,18997 
2018-12-12,1493,18997 
2018-12-13,1493,18997 
2018-12-14,1508,19174 
2018-12-15,1508,19174 
2018-12-16,1508,19174 
2018-12-17,1508,19174 
2018-12-18,1508,19174 
2018-12-19,1508,19174 
2018-12-20,1508,19174 
2018-12-21,1508,19174 
2018-12-22,1508,19174 
2018-12-23,1508,19174 
2018-12-24,1508,19174 
2018-12-25,1508,19174 
2018-12-26,1508,19174 
2018-12-27,1509,19194 
2018-12-28,1509,19194 
2018-12-29,1509,19194 
2018-12-30,1509,19194 
2018-12-31,1509,19194 
2019-01-01,1509,19194 
2019-01-02,1510,19204 
2019-01-03,1510,19204 
2019-01-04,1510,19204 
2019-01-05,1510,19204 
2019-01-06,1510,19204 
2019-01-07,1510,19204 
2019-01-08,1510,19204 
2019-01-09,1510,19204 
2019-01-10,1510,19204 
2019-01-11,1510,19204 
2019-01-12,1510,19204 
2019-01-13,1510,19204 
2019-01-14,1510,19204 
2019-01-15,1510,19204 
2019-01-16,1510,19204 
2019-01-17,1510,19204 
2019-01-18,1510,19204 
2019-01-19,1510,19204 
2019-01-20,1510,19204 
2019-01-21,1510,19204 
2019-01-22,1510,19204 
2019-01-23,1510,19204 
2019-01-24,1510,19204 
2019-01-25,1510,19204 
2019-01-26,1510,19204 
2019-01-27,1510,19204 
2019-01-28,1510,19204 
2019-01-29,1510,19204 
2019-01-30,1510,19204 
2019-01-31,1510,19204 
2019-02-01,1510,19204 
2019-02-02,1510,19204 
2019-02-03,1510,19204 
2019-02-04,1510,19204 
2019-02-05,1510,19204 
2019-02-06,1510,19204 
2019-02-07,1510,19204 
2019-02-08,1510,19204 
2019-02-09,1510,19204 
2019-02-10,1510,19204 
2019-02-11,1510,19204 
2019-02-12,1510,19204 
2019-02-13,1510,19204 
2019-02-14,1510,19204 
2019-02-15,1510,19204 
2019-02-16,1510,19204 
2019-02-17,1510,19204 
2019-02-18,1510,19204 
2019-02-19,1510,19204 
2019-02-20,1510,19204 
2019-02-21,1510,19204 
2019-02-22,1510,19204 
2019-02-23,1510,19204 
2019-02-24,1510,19204 
2019-02-25,1511,19219 
2019-02-26,1511,19219 
2019-02-27,1511,19219 
2019-02-28,1511,19219 
2019-03-01,1511,19219 
2019-03-02,1511,19219 
2019-03-03,1511,19219 
2019-03-04,1511,19219 
2019-03-05,1511,19219 
2019-03-06,1511,19219 
2019-03-07,1511,19219 
2019-03-08,1511,19219 
2019-03-09,1511,19219 
2019-03-10,1511,19219 
2019-03-11,1511,19219 
2019-03-12,1515,19284 
2019-03-13,1515,19284 
2019-03-14,1516,19294 
2019-03-15,1516,19294 
2019-03-16,1516,19294 
2019-03-17,1516,19294 
2019-03-18,1516,19294 
2019-03-19,1516,19294 
2019-03-20,1516,19294 
2019-03-21,1516,19294 
2019-03-22,1516,19294 
2019-03-23,1516,19294 
2019-03-24,1516,19294 
2019-03-25,1516,19294 
2019-03-26,1518,19312 
2019-03-27,1518,19312 
2019-03-28,1518,19312 
2019-03-29,1519,19327 
2019-03-30,1519,19327 
2019-03-31,1519,19327 
2019-04-01,1519,19327 
2019-04-02,1519,19327 
2019-04-03,1519,19327 
2019-04-04,1519,19327 
2019-04-05,1519,19327 
2019-04-06,1519,19327 
2019-04-07,1519,19327 
2019-04-08,1519,19327 
2019-04-09,1519,19327 
2019-04-10,1519,19327 
2019-04-11,1519,19327 
2019-04-12,1519,19327 
2019-04-13,1519,19327 
2019-04-14,1519,19327 
2019-04-15,1519,19327 
2019-04-16,1519,19327 
2019-04-17,1519,19327 
2019-04-18,1519,19327 
2019-04-19,1519,19327 
2019-04-20,1519,19327 
2019-04-21,1519,19327 
2019-04-22,1519,19327 
2019-04-23,1519,19327 
2019-04-24,1519,19327 
2019-04-25,1519,19327 
2019-04-26,1519,19327 
2019-04-27,1519,19327 
2019-04-28,1519,19327 
2019-04-29,1519,19327 
2019-04-30,1519,19327 
2019-05-01,1519,19327 
2019-05-02,1519,19327 
2019-05-03,1519,19327 
2019-05-04,1519,19327 
2019-05-05,1519,19327 
2019-05-06,1519,19327 
2019-05-07,1519,19327 
2019-05-08,1519,19327 
2019-05-09,1519,19327 
2019-05-10,1519,19327 
2019-05-11,1519,19327 
2019-05-12,1519,19327 
2019-05-13,1519,19327 
2019-05-14,1519,19327 
2019-05-15,1519,19327 
2019-05-16,1519,19327 
2019-05-17,1519,19327 
2019-05-18,1519,19327 
2019-05-19,1519,19327 
2019-05-20,1519,19327 
2019-05-21,1521,19344 
2019-05-22,1521,19344 
2019-05-23,1521,19344 
2019-05-24,1521,19344 
2019-05-25,1521,19344 
2019-05-26,1521,19344 
2019-05-27,1521,19344 
2019-05-28,1521,19344 
2019-05-29,1521,19344 
2019-05-30,1521,19344 
2019-05-31,1521,19344 
2019-06-01,1521,19344 
2019-06-02,1521,19344 
2019-06-03,1521,19344 
2019-06-04,1521,19344 
2019-06-05,1521,19344 
2019-06-06,1521,19344 
2019-06-07,1521,19344 
2019-06-08,1521,19344 
2019-06-09,1521,19344 
2019-06-10,1521,19344 
2019-06-11,1521,19344 
2019-06-12,1521,19344 
2019-06-13,1521,19344 
2019-06-14,1522,19364 
2019-06-15,1522,19364 
2019-06-16,1522,19364 
2019-06-17,1522,19364 
2019-06-18,1522,19364 
2019-06-19,1522,19364 
2019-06-20,1523,19379 
2019-06-21,1523,19379 
2019-06-22,1523,19379 
2019-06-23,1523,19379 
2019-06-24,1523,19379 
2019-06-25,1523,19379 
2019-06-26,1523,19379 
2019-06-27,1523,19379 
2019-06-28,1523,19379 
2019-06-29,1523,19379 
2019-06-30,1523,19379 
2019-07-01,1523,19379 
2019-07-02,1523,19379 
2019-07-03,1523,19379 
2019-07-04,1523,19379 
2019-07-05,1523,19379 
2019-07-06,1523,19379 
2019-07-07,1523,19379 
2019-07-08,1523,19379 
2019-07-09,1523,19379 
2019-07-10,1523,19379 
2019-07-11,1523,19379 
2019-07-12,1523,19379 
2019-07-13,1523,19379 
2019-07-14,1523,19379 
2019-07-15,1523,19379 
2019-07-16,1523,19379 
2019-07-17,1523,19379 
2019-07-18,1524,19409 
2019-07-19,1524,19409 
2019-07-20,1524,19409 
2019-07-21,1524,19409 
2019-07-22,1524,19409 
2019-07-23,1524,19409 
2019-07-24,1524,19409 
2019-07-25,1524,19409 
2019-07-26,1524,19409 
2019-07-27,1524,19409 
2019-07-28,1524,19409 
2019-07-29,1524,19409 
2019-07-30,1524,19409 
2019-07-31,1524,19409 
2019-08-01,1524,19409 
2019-08-02,1525,19424 
2019-08-03,1525,19424 
2019-08-04,1525,19424 
2019-08-05,1525,19424 
2019-08-06,1525,19424 
2019-08-07,1525,19424 
2019-08-08,1525,19424 
2019-08-09,1525,19424 
2019-08-10,1525,19424 
2019-08-11,1525,19424 
2019-08-12,1525,19424 
2019-08-13,1525,19424 
2019-08-14,1525,19424 
2019-08-15,1525,19424 
2019-08-16,1526,19434 
2019-08-17,1526,19434 
2019-08-18,1526,19434 
2019-08-19,1526,19434 
2019-08-20,1526,19434 
2019-08-21,1526,19434 
2019-08-22,1526,19434 
2019-08-23,1526,19434 
2019-08-24,1526,19434 
2019-08-25,1526,19434 
2019-08-26,1526,19434 
2019-08-27,1526,19434 
2019-08-28,1526,19434 
2019-08-29,1526,19434 
2019-08-30,1526,19434 
2019-08-31,1526,19434 
2019-09-01,1526,19434 
2019-09-02,1526,19434 
2019-09-03,1526,19434 
2019-09-04,1526,19434 
2019-09-05,1526,19434 
2019-09-06,1526,19434 
2019-09-07,1526,19434 
2019-09-08,1526,19434 
2019-09-09,1526,19434 
2019-09-10,1526,19434 
2019-09-11,1526,19434 
2019-09-12,1526,19434 
2019-09-13,1526,19434 
2019-09-14,1526,19434 
2019-09-15,1526,19434 
2019-09-16,1526,19434 
2019-09-17,1526,19434 
2019-09-18,1526,19434 
2019-09-19,1526,19434 
2019-09-20,1526,19434 
2019-09-21,1526,19434 
2019-09-22,1526,19434 
2019-09-23,1526,19434 
2019-09-24,1526,19434 
2019-09-25,1526,19434 
2019-09-26,1527,19444 
2019-09-27,1527,19444 
2019-09-28,1527,19444 
2019-09-29,1527,19444 
2019-09-30,1527,19444 
2019-10-01,1527,19444 
2019-10-02,1527,19444 
2019-10-03,1527,19444 
2019-10-04,1527,19444 
2019-10-05,1527,19444 
2019-10-06,1527,19444 
2019-10-07,1527,19444 
2019-10-08,1527,19444 
2019-10-09,1527,19444 
2019-10-10,1527,19444 
2019-10-11,1527,19444 
2019-10-12,1527,19444 
2019-10-13,1527,19444 
2019-10-14,1527,19444 
2019-10-15,1527,19444 
2019-10-16,1527,19444 
2019-10-17,1527,19444 
2019-10-18,1527,19444 
2019-10-19,1527,19444 
2019-10-20,1527,19444 
2019-10-21,1527,19444 
2019-10-22,1527,19444 
2019-10-23,1527,19444 
2019-10-24,1527,19444 
2019-10-25,1527,19444 
2019-10-26,1527,19444 
2019-10-27,1527,19444 
2019-10-28,1527,19444 
2019-10-29,1527,19444 
2019-10-30,1527,19444 
2019-10-31,1527,19444 
2019-11-01,1527,19444 
2019-11-02,1527,19444 
2019-11-03,1527,19444 
2019-11-04,1527,19444 
2019-11-05,1527,19444 
2019-11-06,1527,19444 
2019-11-07,1527,19444 
2019-11-08,1527,19444 
2019-11-09,1527,19444 
2019-11-10,1527,19444 
2019-11-11,1527,19444 
2019-11-12,1527,19444 
2019-11-13,1527,19444 
2019-11-14,1527,19444 
2019-11-15,1527,19444 
2019-11-16,1527,19444 
2019-11-17,1527,19444 
2019-11-18,1527,19444 
2019-11-19,1527,19444 
2019-11-20,1529,19459 
2019-11-21,1529,19459 
2019-11-22,1529,19459 
2019-11-23,1529,19459 
2019-11-24,1529,19459 
2019-11-25,1529,19459 
2019-11-26,1529,19459 
2019-11-27,1529,19459 
2019-11-28,1529,19459 
2019-11-29,1529,19459 
2019-11-30,1529,19459 
2019-12-01,1529,19459 
2019-12-02,1529,19459 
2019-12-03,1529,19459 
2019-12-04,1529,19459 
2019-12-05,1529,19459 
2019-12-06,1529,19459 
2019-12-07,1529,19459 
2019-12-08,1529,19459 
2019-12-09,1529,19459 
2019-12-10,1529,19459 
2019-12-11,1529,19459 
2019-12-12,1529,19459 
2019-12-13,1529,19459 
2019-12-14,1529,19459 
2019-12-15,1529,19459 
2019-12-16,1530,19474 
2019-12-17,1530,19474 
2019-12-18,1530,19474 
2019-12-19,1530,19474 
2019-12-20,1530,19474 
2019-12-21,1530,19474 
2019-12-22,1530,19474 
2019-12-23,1530,19474 
2019-12-24,1530,19474 
2019-12-25,1530,19474 
2019-12-26,1530,19474 
2019-12-27,1530,19474 
2019-12-28,1530,19474 
2019-12-29,1530,19474 
2019-12-30,1530,19474 
2019-12-31,1530,19474 
